dqt_id ,Count
1, 49527
2, 42835
3, 60820
4, 31709
5, 19895
6, 1165
7, 1782
8, 6754
9, 6445
10, 429
11, 1290
12, 2168
13, 2655
14, 1864
15, 709
16, 2730
17, 1734
18, 610
19, 1432
20, 755
21, 639
22, 1062
23, 2881
24, 1335
25, 360
26, 875
27, 986
28, 1182
29, 331
30, 1201
31, 545
32, 500
33, 1061
34, 44173
35, 269
36, 7912
37, 620
38, 1940
39, 41453
40, 5122
41, 45906
42, 2045
43, 37242
44, 40269
45, 643
46, 1077
47, 103
48, 255
49, 65
50, 24
51, 265
52, 153
53, 27
54, 55
55, 62
56, 42
57, 283
58, 47
59, 314
60, 198
61, 295
62, 139
63, 60
64, 65
65, 79
66, 221
67, 49
68, 65
69, 181
70, 50
71, 122
72, 104
73, 38
74, 47
75, 30
76, 47
77, 114
78, 86
79, 6842
80, 88
81, 84
82, 114
83, 671
84, 262
85, 29891
86, 377
87, 421
88, 602
89, 346
90, 309
91, 552
92, 8107
93, 693
94, 671
95, 490
96, 97
97, 631
98, 362
99, 2290
100, 641
101, 1651
102, 610
103, 18
104, 8
105, 21
106, 119
107, 1517
108, 583
109, 9080
110, 3590
111, 352
112, 67
113, 270
114, 311
115, 75
116, 131
117, 45
118, 57
119, 330
120, 34
121, 89
122, 373
123, 129
124, 220
125, 69
126, 348
127, 207
128, 81
129, 162
130, 238
131, 96
132, 94
133, 221
134, 73
135, 163
136, 53
137, 230
138, 162
139, 69
140, 97
141, 166
142, 156
143, 120
144, 129
145, 179
146, 174
147, 288
148, 30
149, 82
150, 57
151, 54
152, 281
153, 56
154, 360
155, 134
156, 137
157, 134
158, 58
159, 892
160, 150
161, 61
162, 27
163, 440
164, 142
165, 66
166, 195
167, 89
168, 586
169, 355
170, 77
171, 35
172, 248
173, 78
174, 374
175, 111
176, 242
177, 107
178, 79
179, 371
180, 116
181, 233
182, 19
183, 86
184, 132
185, 172
186, 44
187, 1047
188, 134
189, 37
190, 405
191, 110
192, 35
193, 160
194, 25
195, 189
196, 201
197, 29
198, 60
199, 18
200, 76
201, 20
202, 52
203, 146
204, 175
205, 73
206, 88
207, 114
208, 50
209, 70
210, 58
211, 63
212, 117
213, 179
214, 93
215, 64
216, 95
217, 27
218, 141
219, 39
220, 113
221, 26
222, 87
223, 33
224, 52
225, 39
226, 1001
227, 161
228, 149
229, 23352
230, 14509
231, 4015
232, 4029
233, 5268
234, 10716
235, 2761
236, 1537
237, 32802
238, 281
239, 3230
240, 1325
241, 419
242, 2744
243, 14
244, 707
245, 658
246, 363
247, 66
248, 3
249, 100
250, 35
251, 2740
252, 204
253, 565
254, 247
255, 249
256, 106
257, 451
258, 249
259, 285
260, 186
261, 831
262, 208
263, 631
264, 453
265, 124
266, 142
267, 294
268, 307
269, 252
270, 212
271, 190
272, 472
273, 214
274, 146
275, 2377
276, 124
277, 173
278, 332
279, 240
280, 321
281, 311
282, 53
283, 167
284, 133
285, 195
286, 605
287, 403
288, 96
289, 423
290, 247
291, 127
292, 357
293, 348
294, 53
295, 195
296, 142
297, 118
298, 212
299, 106
300, 27
301, 3366
302, 2511
303, 69175
304, 9140
305, 59985
306, 5174
307, 621
308, 106
309, 14
310, 238
311, 766
312, 1413
313, 14609
314, 88692
315, 6532
316, 511
317, 30
318, 51
319, 80
320, 8
321, 158
322, 1
323, 106
324, 91
325, 27
326, 253
327, 83
328, 24
329, 133
330, 79
331, 13
332, 12
333, 35
334, 72
335, 852
336, 75
337, 136
338, 238
339, 92
340, 1039
341, 266
342, 81
343, 826
344, 1903
345, 274
346, 380
347, 150
348, 746
349, 683
350, 252
351, 185
352, 355
353, 481
354, 385
355, 203
356, 214
357, 44
358, 258
359, 6755
360, 13
361, 154
362, 15
363, 106
364, 149
365, 148
366, 3253
367, 9
368, 40
369, 126
370, 155
371, 3646
372, 20
373, 1352
374, 21407
375, 1453
376, 524
377, 1710
378, 780
379, 2015
380, 54
381, 323
382, 371
383, 307
384, 260
385, 58
386, 390
387, 121
388, 81
389, 80
390, 306
391, 57
392, 182
393, 293
394, 300
395, 152
396, 349
397, 303
398, 148
399, 551
400, 150
401, 291
402, 29
403, 51
404, 86
405, 77
406, 44
407, 615
408, 43895
409, 202
410, 9141
411, 41860
412, 395
413, 109
414, 131
415, 199
416, 72
417, 63
418, 42
419, 70
420, 168
421, 75
422, 1730
423, 112
424, 100
425, 2795
426, 80
427, 1
428, 9
429, 9
430, 2
431, 49
432, 32
433, 106
434, 3
435, 1
436, 147
437, 22
438, 26
439, 2
440, 20
441, 15
442, 1
443, 1
444, 2
445, 13
446, 15
447, 5
448, 43
449, 13
450, 4
451, 8
452, 279
453, 28
454, 1114
455, 9
456, 1345
457, 623
458, 4010
459, 189
460, 184
461, 432
462, 216
463, 54
464, 178
465, 74
466, 31
467, 107
468, 112
469, 107
470, 33
471, 265
472, 37
473, 177
474, 347
475, 269
476, 545
477, 81
478, 112
479, 95
480, 208
481, 210
482, 91
483, 115
484, 429
485, 27
486, 174
487, 25
488, 185
489, 90
490, 172
491, 213
492, 68
493, 189
494, 94
495, 18
496, 78
497, 47
498, 119
499, 51
500, 31
501, 133
502, 131
503, 109
504, 156
505, 71
506, 35
507, 156
508, 70
509, 136
510, 25
511, 118
512, 442
513, 88
514, 61
515, 196
516, 104
517, 221
518, 206
519, 28
520, 71
521, 201
522, 178
523, 97
524, 344
525, 29
526, 153
527, 367
528, 249
529, 816
530, 570
531, 4315
532, 13411
533, 726
534, 7
535, 607
536, 8
537, 28
538, 28
539, 66
540, 81
541, 7
542, 983
543, 240
544, 2900
545, 611
546, 121
547, 1066
548, 751
549, 251
550, 2794
551, 355
552, 499
553, 18
554, 1938
555, 80
556, 2386
557, 254
558, 132
559, 133
560, 338
561, 14
562, 279
563, 91
564, 169
565, 10
566, 2
567, 12
568, 820
569, 148
570, 103
571, 823
572, 1270
573, 5
574, 13
575, 749
576, 365
577, 421
578, 1746
579, 332
580, 540
581, 343
582, 66
583, 85
584, 715
585, 362
586, 695
587, 98
588, 109
589, 75
590, 90
591, 2
592, 2027
593, 9971
594, 860
595, 318
596, 399
597, 750
598, 8
599, 5
600, 28
601, 7
602, 3
603, 1
604, 2
605, 2
606, 5
607, 2
608, 24
609, 12
610, 19
611, 9
612, 9
613, 17
614, 21
615, 135
616, 11
617, 3
618, 17
619, 19
620, 23
621, 13
622, 17
623, 14
624, 19
625, 60
626, 1
627, 1
628, 17
629, 18
630, 9
631, 47
632, 8
633, 11
634, 8
635, 13
636, 106
637, 50
638, 3879
639, 308
640, 93
641, 1215
642, 1079
643, 666
644, 2089
645, 618
646, 747
647, 61
648, 69
649, 130
650, 29
651, 62
652, 29
653, 78
654, 91
655, 11
656, 39
657, 91
658, 29
659, 33
660, 55
661, 1591
662, 9
663, 10
664, 15
665, 965
666, 64
667, 396
668, 350
669, 1002
670, 1557
671, 138
672, 24
673, 29
674, 1441
675, 37
676, 34
677, 43
678, 23
679, 40
680, 22
681, 32
682, 28
683, 28
684, 19
685, 484
686, 29
687, 42
688, 51
689, 29
690, 53
691, 43
692, 18
693, 20
694, 76
695, 512
696, 60
697, 75
698, 15
699, 139
700, 102
701, 21
702, 251
703, 316
704, 218
705, 158
706, 3
707, 23
708, 21
709, 73
710, 51
711, 58
712, 55
713, 1
714, 149
715, 2
716, 303
717, 132
718, 579
719, 18
720, 102
721, 21
722, 20
723, 4
724, 27
725, 62
726, 12
727, 15
728, 4857
729, 2
730, 48
731, 34
732, 35
733, 226
734, 79
735, 391
736, 22
737, 65
738, 64
739, 810
740, 109
741, 92
742, 1139
743, 361
744, 381
745, 84
746, 66
747, 81
748, 151
749, 84
750, 75
751, 212
752, 1461
753, 735
754, 51
755, 111
756, 186
757, 23
758, 14
759, 14
760, 192
761, 15
762, 60
763, 1554
764, 31
765, 44
766, 161
767, 47
768, 98
769, 20
770, 7
771, 47
772, 13
773, 22
774, 28
775, 18
776, 7
777, 22
778, 19
779, 318
780, 7
781, 7
782, 69
783, 52
784, 11
785, 87
786, 28
787, 430
788, 21
789, 109
790, 124
791, 1177
792, 1548
793, 74
794, 293
795, 575
796, 64
797, 15
798, 16
799, 32
800, 556
801, 609
802, 109
803, 80
804, 87
805, 87
806, 119
807, 71
808, 98
809, 118
810, 57
811, 281
812, 78
813, 86
814, 79
815, 167
816, 68
817, 97
818, 137
819, 75
820, 59
821, 79
822, 130
823, 85
824, 72
825, 99
826, 904
827, 113
828, 215
829, 411
830, 30
831, 182
832, 133
833, 538
834, 292
835, 51
836, 67
837, 18
838, 113
839, 23
840, 6
841, 18
842, 18
843, 1238
844, 5
845, 1
846, 5
847, 26
848, 5
849, 6
850, 28
851, 295
852, 51
853, 582
854, 56
855, 486
856, 220
857, 192
858, 217
859, 170
860, 356
861, 158
862, 96
863, 12
864, 52
865, 138
866, 72
867, 29
868, 81
869, 88
870, 34
871, 73
872, 48
873, 126
874, 68
875, 949
876, 767
877, 49
878, 447
879, 21
880, 24
881, 55
882, 12
883, 31
884, 17
885, 59
886, 44
887, 24
888, 61
889, 76
890, 6
891, 11
892, 16
893, 28
894, 48
895, 18
896, 34
897, 65
898, 46
899, 40
900, 48
901, 56
902, 48
903, 67
904, 35
905, 55
906, 68
907, 62
908, 53
909, 59
910, 51
911, 70
912, 40
913, 39
914, 17
915, 38
916, 63
917, 4
918, 65
919, 50
920, 37
921, 40
922, 32
923, 14
924, 48
925, 53
926, 53
927, 261
928, 50
929, 19
930, 294
931, 47
932, 94
933, 1
934, 58
935, 1
936, 2
937, 55
938, 40
939, 63
940, 1
941, 67
942, 1
943, 5
944, 13
945, 1
946, 74
947, 3
948, 7
949, 6
950, 2
951, 3
952, 22
953, 78
954, 21
955, 65
956, 43
957, 60
958, 37
959, 1
960, 45
961, 40
962, 42
963, 53
964, 7
965, 2
966, 2
967, 34
968, 52
969, 23
970, 45
971, 45
972, 62
973, 31
974, 3
975, 1
976, 71
977, 1
978, 1
979, 5
980, 53
981, 55
982, 67
983, 1
984, 105
985, 2
986, 1
987, 2
988, 7
989, 1
990, 26
991, 41
992, 41
993, 3
994, 4
995, 93
996, 88
997, 72
998, 1
999, 55
1000, 1
1001, 32
1002, 1
1003, 1
1004, 1
1005, 2
1006, 1
1007, 9
1008, 1
1009, 1
1010, 2
1011, 1
1012, 33
1013, 2
1014, 2
1015, 1
1016, 65
1017, 51
1018, 62
1019, 23
1020, 24
1021, 31
1022, 35
1023, 28
1024, 18
1025, 1
1026, 4
1027, 1
1028, 1
1029, 1
1030, 6
1031, 86
1032, 68
1033, 102
1034, 39
1035, 41
1036, 121
1037, 52
1038, 152
1039, 48
1040, 36
1041, 77
1042, 35
1043, 91
1044, 3
1045, 3
1046, 106
1047, 2
1048, 185
1049, 33
1050, 15
1051, 499
1052, 168
1053, 134
1054, 26
1055, 132
1056, 42
1057, 43
1058, 5
1059, 152
1060, 181
1061, 37
1062, 11
1063, 103
1064, 64
1065, 80
1066, 8
1067, 230
1068, 132
1069, 519
1070, 173
1071, 24
1072, 120
1073, 109
1074, 40
1075, 70
1076, 174
1077, 23
1078, 121
1079, 16
1080, 38
1081, 21
1082, 45
1083, 96
1084, 223
1085, 75
1086, 68
1087, 28
1088, 26
1089, 122
1090, 11
1091, 63
1092, 64
1093, 43
1094, 54
1095, 107
1096, 16
1097, 121
1098, 32
1099, 45
1100, 19
1101, 100
1102, 63
1103, 48
1104, 37
1105, 465
1106, 33
1107, 56
1108, 7
1109, 39
1110, 38
1111, 19
1112, 10
1113, 912
1114, 225
1115, 150
1116, 5
1117, 5
1118, 8
1119, 22
1120, 1
1121, 8
1122, 25
1123, 96
1124, 43
1125, 18
1126, 10
1127, 10
1128, 21
1129, 28
1130, 25
1131, 16
1132, 7
1133, 117
1134, 69
1135, 7
1136, 8
1137, 7
1138, 35
1139, 22
1140, 92
1141, 12
1142, 10
1143, 17
1144, 84
1145, 26
1146, 19
1147, 7
1148, 17
1149, 497
1150, 32
1151, 26
1152, 35
1153, 12
1154, 32
1155, 72
1156, 37
1157, 70
1158, 28
1159, 76
1160, 32
1161, 40
1162, 55
1163, 42
1164, 57
1165, 68
1166, 42
1167, 38
1168, 89
1169, 54
1170, 35
1171, 11
1172, 38
1173, 60
1174, 63
1175, 20
1176, 39
1177, 48
1178, 78
1179, 43
1180, 23
1181, 91
1182, 38
1183, 34
1184, 21
1185, 47
1186, 2
1187, 65
1188, 3
1189, 71
1190, 66
1191, 45
1192, 38
1193, 204
1194, 33
1195, 78
1196, 1
1197, 1
1198, 1
1199, 1
1200, 1
1201, 1
1202, 89
1203, 15
1204, 189
1205, 57
1206, 29
1207, 183
1208, 16
1209, 34
1210, 33
1211, 54
1212, 60
1213, 48
1214, 69
1215, 68
1216, 47
1217, 63
1218, 819
1219, 11
1220, 31
1221, 60
1222, 62
1223, 63
1224, 25
1225, 41
1226, 66
1227, 29
1228, 13
1229, 149
1230, 15
1231, 125
1232, 187
1233, 124
1234, 293
1235, 143
1236, 17
1237, 20
1238, 41
1239, 30
1240, 30
1241, 120
1242, 8
1243, 36
1244, 31
1245, 26
1246, 53
1247, 33
1248, 21
1249, 29
1250, 28
1251, 40
1252, 37
1253, 72
1254, 40
1255, 40
1256, 46
1257, 37
1258, 49
1259, 45
1260, 39
1261, 38
1262, 42
1263, 16
1264, 33
1265, 53
1266, 25
1267, 34
1268, 24
1269, 20
1270, 27
1271, 31
1272, 18
1273, 36
1274, 29
1275, 34
1276, 42
1277, 74
1278, 37
1279, 3
1280, 437
1281, 16
1282, 33
1283, 41
1284, 1
1285, 3
1286, 1
1287, 2
1288, 1
1289, 2
1290, 15
1291, 16
1292, 47
1293, 19
1294, 116
1295, 1
1296, 37
1297, 1
1298, 60
1299, 101
1300, 26
1301, 18
1302, 81
1303, 651
1304, 140
1305, 1074
1306, 1121
1307, 26
1308, 60
1309, 4
1310, 31
1311, 32
1312, 62
1313, 32
1314, 20
1315, 31
1316, 35
1317, 30
1318, 2413
1319, 1
1320, 6
1321, 71
1322, 1
1323, 18
1324, 4
1325, 28
1326, 3
1327, 33
1328, 5
1329, 12
1330, 3
1331, 1
1332, 1
1333, 218
1334, 10
1335, 18
1336, 112
1337, 5
1338, 17
1339, 2
1340, 3
1341, 18
1342, 3
1343, 28
1344, 2
1345, 1
1346, 8
1347, 9
1348, 1
1349, 11
1350, 7
1351, 2
1352, 26
1353, 21
1354, 2
1355, 1
1356, 33
1357, 160
1358, 2
1359, 57
1360, 2
1361, 3
1362, 4
1363, 26
1364, 4
1365, 9
1366, 81
1367, 11
1368, 8
1369, 20
1370, 7
1371, 622
1372, 6
1373, 32
1374, 81
1375, 30
1376, 5
1377, 19
1378, 149
1379, 5
1380, 5
1381, 13
1382, 8
1383, 21
1384, 14
1385, 11
1386, 74
1387, 42
1388, 95
1389, 29
1390, 3
1391, 722
1392, 20
1393, 14
1394, 12
1395, 357
1396, 5
1397, 11
1398, 9
1399, 183
1400, 2
1401, 19
1402, 2
1403, 1
1404, 2
1405, 168
1406, 178
1407, 12
1408, 21
1409, 7
1410, 5
1411, 4
1412, 11
1413, 59
1414, 9
1415, 8
1416, 4
1417, 76
1418, 5
1419, 28
1420, 5
1421, 39
1422, 64
1423, 78
1424, 62
1425, 5
1426, 5
1427, 63
1428, 63
1429, 63
1430, 60
1431, 67
1432, 8
1433, 6
1434, 45
1435, 4
1436, 73
1437, 67
1438, 55
1439, 66
1440, 39
1441, 67
1442, 55
1443, 84
1444, 19
1445, 52
1446, 52
1447, 58
1448, 37
1449, 60
1450, 57
1451, 68
1452, 18
1453, 35
1454, 41
1455, 42
1456, 3
1457, 36
1458, 36
1459, 30
1460, 12
1461, 10
1462, 3
1463, 20
1464, 9
1465, 5
1466, 4
1467, 5
1468, 13
1469, 52
1470, 3
1471, 57
1472, 53
1473, 34
1474, 5111
1475, 137
1476, 45
1477, 228
1478, 11
1479, 4
1480, 13
1481, 6
1482, 19
1483, 40
1484, 22
1485, 143
1486, 32
1487, 51
1488, 55
1489, 59
1490, 35
1491, 22
1492, 11
1493, 25
1494, 21
1495, 56
1496, 47
1497, 96
1498, 57
1499, 10
1500, 46
1501, 186
1502, 54
1503, 76
1504, 4
1505, 3
1506, 6
1507, 10
1508, 10
1509, 6
1510, 4
1511, 2
1512, 264
1513, 5
1514, 39
1515, 399
1516, 14
1517, 14
1518, 34
1519, 29
1520, 23
1521, 10
1522, 16
1523, 21
1524, 6
1525, 162
1526, 33
1527, 6
1528, 6
1529, 23
1530, 14
1531, 51
1532, 106
1533, 53
1534, 23
1535, 416
1536, 15
1537, 106
1538, 20
1539, 69
1540, 73
1541, 9
1542, 58
1543, 23
1544, 87
1545, 36
1546, 57
1547, 33
1548, 7
1549, 26
1550, 21
1551, 78
1552, 76
1553, 35
1554, 55
1555, 34
1556, 19
1557, 9
1558, 43
1559, 47
1560, 25
1561, 87
1562, 36
1563, 17
1564, 23
1565, 17
1566, 84
1567, 61
1568, 80
1569, 11
1570, 99
1571, 20
1572, 110
1573, 511
1574, 1
1575, 2
1576, 66
1577, 10
1578, 1
1579, 143
1580, 15
1581, 54
1582, 40
1583, 13
1584, 3
1585, 15
1586, 33
1587, 26
1588, 32
1589, 19
1590, 78
1591, 5
1592, 41
1593, 51
1594, 1
1595, 168
1596, 44
1597, 49
1598, 41
1599, 7
1600, 23
1601, 20
1602, 14
1603, 8
1604, 28
1605, 2
1606, 20
1607, 4
1608, 18
1609, 7
1610, 7
1611, 8
1612, 14
1613, 24
1614, 24
1615, 4
1616, 2
1617, 1
1618, 7
1619, 17
1620, 56
1621, 11
1622, 14
1623, 1
1624, 42
1625, 10
1626, 21
1627, 4
1628, 33
1629, 4
1630, 19
1631, 22
1632, 5
1633, 14
1634, 17
1635, 18
1636, 36
1637, 13
1638, 12
1639, 9
1640, 16
1641, 14
1642, 8
1643, 64
1644, 36
1645, 8
1646, 28
1647, 43
1648, 702
1649, 48
1650, 52
1651, 63
1652, 66
1653, 73
1654, 109
1655, 157
1656, 68
1657, 97
1658, 76
1659, 82
1660, 118
1661, 81
1662, 98
1663, 108
1664, 91
1665, 68
1666, 64
1667, 44
1668, 87
1669, 72
1670, 98
1671, 62
1672, 76
1673, 87
1674, 80
1675, 95
1676, 49
1677, 1
1678, 1
1679, 1
1680, 1
1681, 1
1682, 9
1683, 24
1684, 388
1685, 25
1686, 15
1687, 3
1688, 11
1689, 9
1690, 34
1691, 53
1692, 44
1693, 19
1694, 1
1695, 2
1696, 231
1697, 13
1698, 12
1699, 10
1700, 14
1701, 10
1702, 27
1703, 1
1704, 26
1705, 273
1706, 12
1707, 62
1708, 16
1709, 2
1710, 58
1711, 5
1712, 67
1713, 6
1714, 4
1715, 77
1716, 32
1717, 40
1718, 48
1719, 58
1720, 45
1721, 35
1722, 15
1723, 9
1724, 52
1725, 2
1726, 16
1727, 681
1728, 44
1729, 122
1730, 64
1731, 30
1732, 1
1733, 1
1734, 45
1735, 46
1736, 19
1737, 29
1738, 82
1739, 7
1740, 26
1741, 6
1742, 24
1743, 31
1744, 81
1745, 15
1746, 9
1747, 2
1748, 41
1749, 9
1750, 23
1751, 3
1752, 7
1753, 32
1754, 29
1755, 3
1756, 16
1757, 8
1758, 11
1759, 5
1760, 6
1761, 24
1762, 15
1763, 6
1764, 20
1765, 2
1766, 4
1767, 7
1768, 7
1769, 8
1770, 5
1771, 10
1772, 6
1773, 5
1774, 14
1775, 13
1776, 4
1777, 26
1778, 115
1779, 30
1780, 42
1781, 1
1782, 12
1783, 10
1784, 36
1785, 334
1786, 6
1787, 38
1788, 23
1789, 3
1790, 12
1791, 9
1792, 16
1793, 36
1794, 39
1795, 4
1796, 45
1797, 10
1798, 2
1799, 6
1800, 4
1801, 13
1802, 18
1803, 38
1804, 20
1805, 26
1806, 14
1807, 22
1808, 11
1809, 27
1810, 30
1811, 6
1812, 62
1813, 46
1814, 22
1815, 23
1816, 69
1817, 66
1818, 1
1819, 2
1820, 2
1821, 2
1822, 3
1823, 39
1824, 2
1825, 4
1826, 4
1827, 5
1828, 1
1829, 1
1830, 1
1831, 52
1832, 1
1833, 2
1834, 4
1835, 4
1836, 89
1837, 5
1838, 51
1839, 2
1840, 1
1841, 2
1842, 37
1843, 2
1844, 2
1845, 24
1846, 57
1847, 2
1848, 32
1849, 1
1850, 1
1851, 22
1852, 2
1853, 5
1854, 1
1855, 19
1856, 33
1857, 17
1858, 2
1859, 13
1860, 75
1861, 1
1862, 5
1863, 432
1864, 166
1865, 20
1866, 87
1867, 2
1868, 2
1869, 4
1870, 8
1871, 3
1872, 1
1873, 3
1874, 1
1875, 2
1876, 1
1877, 80
1878, 2
1879, 76
1880, 86
1881, 52
1882, 49
1883, 56
1884, 97
1885, 83
1886, 67
1887, 65
1888, 72
1889, 63
1890, 67
1891, 27
1892, 61
1893, 1
1894, 27
1895, 21
1896, 14
1897, 1
1898, 3
1899, 55
1900, 2
1901, 30
1902, 76
1903, 4
1904, 64
1905, 213
1906, 2
1907, 11
1908, 8
1909, 7
1910, 29
1911, 10
1912, 3
1913, 40
1914, 2
1915, 1
1916, 37
1917, 25
1918, 12
1919, 8
1920, 3
1921, 3
1922, 1
1923, 1
1924, 1
1925, 19
1926, 13
1927, 18
1928, 12
1929, 2
1930, 12
1931, 8
1932, 23
1933, 3
1934, 6
1935, 1
1936, 19
1937, 3
1938, 1
1939, 30
1940, 12
1941, 124
1942, 31
1943, 109
1944, 1
1945, 3
1946, 162
1947, 8
1948, 5
1949, 6
1950, 3
1951, 1
1952, 3
1953, 1
1954, 4
1955, 8
1956, 6
1957, 7
1958, 5
1959, 6
1960, 11
1961, 3
1962, 5
1963, 2
1964, 85
1965, 19
1966, 49
1967, 12
1968, 8
1969, 54
1970, 6
1971, 101
1972, 94
1973, 41
1974, 36
1975, 92
1976, 55
1977, 9
1978, 11
1979, 33
1980, 27
1981, 53
1982, 41
1983, 32
1984, 44
1985, 34
1986, 44
1987, 25
1988, 19
1989, 41
1990, 28
1991, 48
1992, 32
1993, 33
1994, 39
1995, 26
1996, 33
1997, 50
1998, 27
1999, 26
2000, 40
2001, 19
2002, 39
2003, 28
2004, 42
2005, 42
2006, 17
2007, 11
2008, 32
2009, 15
2010, 39
2011, 18
2012, 1
2013, 36
2014, 33
2015, 26
2016, 40
2017, 39
2018, 34
2019, 32
2020, 44
2021, 39
2022, 35
2023, 26
2024, 20
2025, 28
2026, 17
2027, 25
2028, 1
2029, 15
2030, 28
2031, 341
2032, 46
2033, 30
2034, 36
2035, 9
2036, 7
2037, 63
2038, 64
2039, 62
2040, 31
2041, 49
2042, 19
2043, 43
2044, 27
2045, 24
2046, 43
2047, 43
2048, 17
2049, 15
2050, 17
2051, 34
2052, 159
2053, 14
2054, 20
2055, 42
2056, 24
2057, 22
2058, 19
2059, 19
2060, 25
2061, 7
2062, 3
2063, 20
2064, 6
2065, 20
2066, 1
2067, 1
2068, 4
2069, 2
2070, 3
2071, 13
2072, 28
2073, 11
2074, 17
2075, 11
2076, 3
2077, 23
2078, 44
2079, 3
2080, 1
2081, 4
2082, 6
2083, 11
2084, 7
2085, 7
2086, 5
2087, 10
2088, 9
2089, 6
2090, 1
2091, 2
2092, 6
2093, 7
2094, 6
2095, 4
2096, 1
2097, 2
2098, 5
2099, 64
2100, 2
2101, 32
2102, 2
2103, 1
2104, 6
2105, 19
2106, 19
2107, 73
2108, 12
2109, 7
2110, 17
2111, 5
2112, 4
2113, 6
2114, 43
2115, 3
2116, 28
2117, 24
2118, 134
2119, 41
2120, 36
2121, 5
2122, 2
2123, 25
2124, 23
2125, 153
2126, 11
2127, 20
2128, 9
2129, 15
2130, 11
2131, 46
2132, 3
2133, 8
2134, 16
2135, 11
2136, 17
2137, 10
2138, 3
2139, 2
2140, 8
2141, 3
2142, 9
2143, 13
2144, 1
2145, 4
2146, 5
2147, 1
2148, 4
2149, 11
2150, 10
2151, 3
2152, 21
2153, 21
2154, 40
2155, 3
2156, 10
2157, 26
2158, 23
2159, 45
2160, 36
2161, 4
2162, 16
2163, 93
2164, 23
2165, 44
2166, 2
2167, 3
2168, 14
2169, 3
2170, 10
2171, 3
2172, 5
2173, 23
2174, 7
2175, 2
2176, 14
2177, 2
2178, 1
2179, 2
2180, 4
2181, 36
2182, 18
2183, 5
2184, 9
2185, 11
2186, 9
2187, 11
2188, 8
2189, 15
2190, 10
2191, 59
2192, 2
2193, 45
2194, 21
2195, 39
2196, 24
2197, 2
2198, 9
2199, 21
2200, 3
2201, 43
2202, 37
2203, 30
2204, 12
2205, 17
2206, 2
2207, 3
2208, 10
2209, 6
2210, 165
2211, 151
2212, 3
2213, 15
2214, 6
2215, 1
2216, 25
2217, 8
2218, 5
2219, 6
2220, 9
2221, 16
2222, 4
2223, 9
2224, 20
2225, 20
2226, 30
2227, 5
2228, 14
2229, 6
2230, 4
2231, 5
2232, 24
2233, 8
2234, 6
2235, 16
2236, 2
2237, 1
2238, 7
2239, 1
2240, 11
2241, 50
2242, 14
2243, 11
2244, 53
2245, 30
2246, 15
2247, 2
2248, 19
2249, 22
2250, 6
2251, 22
2252, 1
2253, 4
2254, 1
2255, 20
2256, 17
2257, 1
2258, 8
2259, 23
2260, 52
2261, 5
2262, 22
2263, 6
2264, 4
2265, 4
2266, 7
2267, 9
2268, 2
2269, 2
2270, 1
2271, 3
2272, 12
2273, 3
2274, 20
2275, 1
2276, 2
2277, 2
2278, 2
2279, 3
2280, 2
2281, 1
2282, 442
2283, 12
2284, 57
2285, 2
2286, 2
2287, 1
2288, 66
2289, 18
2290, 110
2291, 14
2292, 16
2293, 20
2294, 19
2295, 18
2296, 24
2297, 34
2298, 2
2299, 19
2300, 1
2301, 2
2302, 1
2303, 20
2304, 16
2305, 17
2306, 10
2307, 14
2308, 13
2309, 5
2310, 16
2311, 14
2312, 6
2313, 15
2314, 3
2315, 10
2316, 3
2317, 3
2318, 14
2319, 6
2320, 8
2321, 2
2322, 14
2323, 2
2324, 15
2325, 19
2326, 2
2327, 7
2328, 4
2329, 7
2330, 9
2331, 2
2332, 7
2333, 38
2334, 8
2335, 2
2336, 7
2337, 6
2338, 11
2339, 21
2340, 155
2341, 44
2342, 61
2343, 10
2344, 47
2345, 7
2346, 9
2347, 17
2348, 66
2349, 21
2350, 133
2351, 11
2352, 12
2353, 23
2354, 9
2355, 11
2356, 5
2357, 5
2358, 10
2359, 1
2360, 9
2361, 7
2362, 4
2363, 16
2364, 5
2365, 9
2366, 2
2367, 1
2368, 2
2369, 1
2370, 4
2371, 8
2372, 7
2373, 485
2374, 27
2375, 1
2376, 49
2377, 22
2378, 3
2379, 11
2380, 10
2381, 5
2382, 16
2383, 22
2384, 10
2385, 20
2386, 6
2387, 16
2388, 4
2389, 5
2390, 2
2391, 3
2392, 2
2393, 10
2394, 18
2395, 1
2396, 6
2397, 30
2398, 1
2399, 30
2400, 35
2401, 7
2402, 2
2403, 2
2404, 17
2405, 22
2406, 3
2407, 1
2408, 1
2409, 6
2410, 2
2411, 23
2412, 3
2413, 9
2414, 1
2415, 6
2416, 10
2417, 8
2418, 17
2419, 12
2420, 16
2421, 12
2422, 10
2423, 18
2424, 19
2425, 15
2426, 20
2427, 482
2428, 2
2429, 3
2430, 3
2431, 21
2432, 2
2433, 7
2434, 6
2435, 2
2436, 3
2437, 4
2438, 1
2439, 5
2440, 4
2441, 2
2442, 8
2443, 4
2444, 6
2445, 28
2446, 4
2447, 4
2448, 3
2449, 21
2450, 17
2451, 2
2452, 2
2453, 40
2454, 35
2455, 3
2456, 3
2457, 2
2458, 1
2459, 23
2460, 2
2461, 10
2462, 5
2463, 5
2464, 40
2465, 5
2466, 2
2467, 3
2468, 2
2469, 4
2470, 5
2471, 19
2472, 66
2473, 323
2474, 2
2475, 113
2476, 3
2477, 1
2478, 3
2479, 11
2480, 12
2481, 1
2482, 7
2483, 1
2484, 24
2485, 2
2486, 1
2487, 2
2488, 2
2489, 1
2490, 1
2491, 5
2492, 2
2493, 1
2494, 2
2495, 11
2496, 22
2497, 4
2498, 3
2499, 2
2500, 3
2501, 14
2502, 572
2503, 12
2504, 468
2505, 34
2506, 23
2507, 37
2508, 45
2509, 1
2510, 4
2511, 11
2512, 2
2513, 3
2514, 9
2515, 32
2516, 41
2517, 7
2518, 18
2519, 12
2520, 11
2521, 13
2522, 15
2523, 2
2524, 18
2525, 1
2526, 14
2527, 1
2528, 1
2529, 5
2530, 4
2531, 242
2532, 15
2533, 3
2534, 1
2535, 5
2536, 34
2537, 2
2538, 9
2539, 15
2540, 2
2541, 6
2542, 16
2543, 16
2544, 10
2545, 25
2546, 44
2547, 47
2548, 16
2549, 14
2550, 20
2551, 24
2552, 74
2553, 24
2554, 18
2555, 16
2556, 27
2557, 15
2558, 14
2559, 12
2560, 17
2561, 6
2562, 6
2563, 7
2564, 18
2565, 7
2566, 13
2567, 9
2568, 5
2569, 7
2570, 12
2571, 9
2572, 4
2573, 7
2574, 11
2575, 5
2576, 10
2577, 18
2578, 3
2579, 1
2580, 7
2581, 5
2582, 9
2583, 3
2584, 7
2585, 4
2586, 25
2587, 7
2588, 4
2589, 3
2590, 3
2591, 2
2592, 2
2593, 18
2594, 1
2595, 7
2596, 6
2597, 2
2598, 6
2599, 17
2600, 1
2601, 6
2602, 2
2603, 1
2604, 1
2605, 2
2606, 1
2607, 1
2608, 5
2609, 30
2610, 2
2611, 6
2612, 11
2613, 15
2614, 11
2615, 37
2616, 45
2617, 13
2618, 3
2619, 6
2620, 1
2621, 1
2622, 5
2623, 3
2624, 10
2625, 1
2626, 6
2627, 18
2628, 3
2629, 2
2630, 2
2631, 31
2632, 6
2633, 1
2634, 1
2635, 2
2636, 2
2637, 2
2638, 1
2639, 2
2640, 2
2641, 2
2642, 1
2643, 2
2644, 2
2645, 1
2646, 27
2647, 57
2648, 51
2649, 6
2650, 12
2651, 5
2652, 14
2653, 43
2654, 11
2655, 14
2656, 27
2657, 60
2658, 32
2659, 30
2660, 31
2661, 35
2662, 33
2663, 34
2664, 37
2665, 12
2666, 40
2667, 16
2668, 33
2669, 19
2670, 18
2671, 4
2672, 45
2673, 1
2674, 5
2675, 2
2676, 1
2677, 3
2678, 9
2679, 16
2680, 14
2681, 7
2682, 36
2683, 34
2684, 71
2685, 17
2686, 11
2687, 13
2688, 20
2689, 11
2690, 10
2691, 19
2692, 15
2693, 13
2694, 6
2695, 61
2696, 62
2697, 68
2698, 54
2699, 17
2700, 11
2701, 30
2702, 46
2703, 29
2704, 23
2705, 6
2706, 11
2707, 9
2708, 7
2709, 13
2710, 893
2711, 8
2712, 54
2713, 41
2714, 27
2715, 49
2716, 32
2717, 10
2718, 30
2719, 15
2720, 5
2721, 49
2722, 6
2723, 41
2724, 11
2725, 47
2726, 29
2727, 439
2728, 2
2729, 1390
2730, 2
2731, 15
2732, 1
2733, 2
2734, 1
2735, 26
2736, 135
2737, 29
2738, 87
2739, 3
2740, 5
2741, 4
2742, 13
2743, 4
2744, 6
2745, 276
2746, 16
2747, 12
2748, 3
2749, 9
2750, 10
2751, 15
2752, 6
2753, 5
2754, 11
2755, 10
2756, 10
2757, 7
2758, 1
2759, 7
2760, 2
2761, 2
2762, 4
2763, 6
2764, 3
2765, 51
2766, 35
2767, 5
2768, 4
2769, 2
2770, 5
2771, 3
2772, 4
2773, 5
2774, 4
2775, 6
2776, 2
2777, 6
2778, 1
2779, 5
2780, 16
2781, 4
2782, 18
2783, 2
2784, 4
2785, 15
2786, 1
2787, 2
2788, 1
2789, 2
2790, 1
2791, 8
2792, 5
2793, 31
2794, 18
2795, 29
2796, 11
2797, 23
2798, 9
2799, 3
2800, 9
2801, 6
2802, 12
2803, 9
2804, 18
2805, 2
2806, 8
2807, 8
2808, 6
2809, 8
2810, 7
2811, 3
2812, 10
2813, 2
2814, 9
2815, 8
2816, 4
2817, 1
2818, 4
2819, 16
2820, 4
2821, 3
2822, 1
2823, 13
2824, 1
2825, 15
2826, 4
2827, 6
2828, 1
2829, 17
2830, 8
2831, 5
2832, 2
2833, 3
2834, 1
2835, 15
2836, 6
2837, 27
2838, 12
2839, 1
2840, 8
2841, 7
2842, 4
2843, 5
2844, 515
2845, 19
2846, 99
2847, 28
2848, 5
2849, 14
2850, 14
2851, 2
2852, 4
2853, 20
2854, 9
2855, 21
2856, 17
2857, 31
2858, 4
2859, 5
2860, 3
2861, 5
2862, 3
2863, 11
2864, 39
2865, 15
2866, 33
2867, 29
2868, 20
2869, 7
2870, 47
2871, 4
2872, 32
2873, 15
2874, 12
2875, 11
2876, 2
2877, 18
2878, 44
2879, 19
2880, 19
2881, 7
2882, 21
2883, 34
2884, 30
2885, 107
2886, 4
2887, 2
2888, 3
2889, 64
2890, 8
2891, 4
2892, 11
2893, 6
2894, 16
2895, 19
2896, 41
2897, 23
2898, 38
2899, 21
2900, 29
2901, 9
2902, 7
2903, 17
2904, 16
2905, 8
2906, 4
2907, 4
2908, 7
2909, 6
2910, 7
2911, 70
2912, 50
2913, 29
2914, 34
2915, 48
2916, 28
2917, 22
2918, 16
2919, 335
2921, 53
2922, 45
2923, 6
2924, 10
2925, 69
2926, 43
2927, 2
2928, 3
2929, 18
2930, 10
2931, 5
2932, 46
2933, 43
2934, 18
2935, 19
2936, 21
2937, 14
2938, 5
2939, 44
2940, 20
2941, 27
2942, 3
2943, 1
2944, 14
2945, 92
2946, 28
2947, 18
2948, 11
2949, 15
2950, 5
2951, 18
2952, 94
2953, 1
2954, 3
2955, 43
2956, 1
2957, 2
2958, 5
2959, 11
2960, 8
2961, 90
2962, 63
2963, 121
2964, 357
2965, 74
2966, 56
2967, 113
2968, 198
2969, 67
2970, 62
2971, 60
2972, 84
2973, 91
2974, 47
2975, 106
2976, 109
2977, 103
2978, 71
2979, 49
2980, 3
2981, 6
2982, 54
2983, 10
2984, 3
2985, 5
2986, 8
2987, 17
2988, 7
2989, 43
2990, 8
2991, 4
2992, 13
2993, 8
2994, 7
2995, 56
2996, 478
2997, 415
2998, 703
2999, 6
3000, 145
3001, 15
3002, 42
3003, 71
3004, 64
3005, 57
3006, 75
3007, 25
3008, 48
3009, 36
3010, 58
3011, 32
3012, 27
3013, 7
3014, 4
3015, 3
3016, 8
3017, 10
3018, 14
3019, 17
3020, 8
3021, 30
3022, 7
3023, 13
3024, 13
3025, 12
3026, 8
3027, 15
3028, 14
3029, 22
3030, 3
3031, 3
3032, 7
3033, 6
3034, 12
3035, 2
3036, 10
3037, 187
3038, 11
3039, 12
3040, 7
3041, 23
3042, 11
3043, 43
3044, 55
3045, 36
3046, 57
3047, 5
3048, 17
3049, 15
3050, 17
3051, 15
3052, 26
3053, 9
3054, 10
3055, 8
3056, 3
3057, 3
3058, 9
3059, 29
3060, 31
3061, 54
3062, 54
3063, 90
3064, 4
3065, 6
3066, 44
3067, 3
3068, 6
3069, 1
3070, 255
3071, 7
3072, 2
3073, 10
3074, 17
3075, 3
3076, 5
3077, 7
3078, 38
3079, 4
3080, 15
3081, 7
3082, 9
3083, 11
3084, 4
3085, 7
3086, 12
3087, 3
3088, 6
3089, 2
3090, 14
3091, 6
3092, 5
3093, 12
3094, 4
3095, 3
3096, 16
3097, 13
3098, 12
3099, 5
3100, 13
3101, 9
3102, 2
3103, 4
3104, 2
3105, 15
3106, 32
3107, 2
3108, 3
3109, 5
3110, 21
3111, 5
3112, 6
3113, 9
3114, 13
3115, 12
3116, 2
3117, 95
3118, 45
3119, 11
3120, 4
3121, 4
3122, 6
3123, 7
3124, 5
3125, 5
3126, 6
3127, 5
3128, 4
3129, 5
3130, 4
3131, 6
3132, 27
3133, 10
3134, 17
3135, 8
3136, 109
3137, 32
3138, 36
3139, 28
3140, 10
3141, 16
3142, 41
3143, 32
3144, 38
3145, 9
3146, 3
3147, 151
3148, 40
3149, 126
3150, 2
3151, 198
3152, 2
3153, 2
3154, 371
3155, 143
3156, 14
3157, 10
3158, 10
3159, 7
3160, 56
3161, 14
3162, 7
3163, 11
3164, 2
3165, 17
3166, 13
3167, 5
3168, 21
3169, 11
3170, 5
3171, 22
3172, 7
3173, 18
3174, 11
3175, 48
3176, 104
3177, 102
3178, 6
3179, 9
3180, 31
3181, 7
3182, 8
3183, 36
3184, 16
3185, 3
3186, 4
3187, 5
3188, 5
3189, 11
3190, 5
3191, 4
3192, 6
3193, 4
3194, 2
3195, 2
3196, 2
3197, 4
3198, 7
3199, 4
3200, 5
3201, 3
3202, 5
3203, 4
3204, 1
3205, 3
3206, 1
3207, 7
3208, 2
3209, 33
3210, 357
3211, 13
3212, 15
3213, 16
3214, 22
3215, 43
3216, 1
3217, 13
3218, 5
3219, 8
3220, 12
3221, 2
3222, 5
3223, 2
3224, 16
3225, 4
3226, 48
3227, 2
3228, 2
3229, 2
3230, 1
3231, 1
3232, 1
3233, 2
3234, 5
3235, 31
3236, 55
3237, 40
3238, 14
3239, 5
3240, 20
3241, 6
3242, 13
3243, 4
3244, 8
3245, 118
3246, 5
3247, 5
3248, 10
3249, 2
3250, 23
3251, 2
3252, 7
3253, 4
3254, 10
3255, 1
3256, 7
3257, 5
3258, 4
3259, 1
3260, 7
3261, 2
3262, 5
3263, 6
3264, 9
3265, 3
3266, 1
3267, 1
3268, 3
3269, 3
3270, 7
3271, 4
3272, 3
3273, 2
3274, 1
3275, 1
3276, 2
3277, 2
3278, 1
3279, 2
3280, 1
3281, 1
3282, 6
3283, 58
3284, 6
3285, 10
3286, 17
3287, 15
3288, 18
3289, 13
3290, 12
3291, 30
3292, 34
3293, 72
3294, 14
3295, 16
3296, 16
3297, 4
3298, 17
3299, 3
3300, 2
3301, 1
3302, 10
3303, 4
3304, 7
3305, 5
3306, 21
3307, 8
3308, 9
3309, 19
3310, 17
3311, 21
3312, 30
3313, 14
3314, 161
3315, 1
3316, 8
3317, 8
3318, 15
3319, 7
3320, 4
3321, 116
3322, 23
3323, 16
3324, 13
3325, 20
3326, 8
3327, 3
3328, 4
3329, 2
3330, 34
3331, 21
3332, 57
3333, 10
3334, 37
3335, 9
3336, 16
3337, 16
3338, 23
3339, 22
3340, 29
3341, 35
3342, 2
3343, 7
3344, 6
3345, 9
3346, 5
3347, 2
3348, 7
3349, 2
3350, 4
3351, 3
3352, 1
3353, 3
3354, 5
3355, 3
3356, 4
3357, 1
3358, 1
3359, 1
3360, 1
3361, 1
3362, 1
3363, 8
3364, 11
3365, 11
3366, 8
3367, 3
3368, 2
3369, 1
3370, 2
3371, 11
3372, 3
3373, 5
3374, 3
3375, 3
3376, 4
3377, 9
3378, 5
3379, 3
3380, 1
3381, 35
3382, 30
3383, 23
3384, 43
3385, 27
3386, 28
3387, 11
3388, 4
3389, 4
3390, 5
3391, 4
3392, 5
3393, 9
3394, 21
3395, 12
3396, 10
3397, 6
3398, 12
3399, 2
3400, 1
3401, 7
3402, 13
3403, 17
3404, 205
3405, 10
3406, 174
3407, 34
3408, 102
3409, 16
3410, 11
3411, 12
3412, 13
3413, 9
3414, 9
3415, 13
3416, 9
3417, 9
3418, 41
3419, 26
3420, 13
3421, 22
3422, 30
3423, 7
3424, 22
3425, 15
3426, 6
3427, 11
3428, 18
3429, 14
3430, 21
3431, 2
3432, 12
3433, 2
3434, 336
3435, 23
3436, 66
3437, 59
3438, 11
3439, 16
3440, 10
3441, 9
3442, 3
3443, 7
3444, 5
3445, 18
3446, 3
3447, 5
3448, 2
3449, 5
3450, 3
3451, 3
3452, 8
3453, 2
3454, 8
3455, 17
3456, 6
3457, 2
3458, 7
3459, 4
3460, 4
3461, 2
3462, 1
3463, 11
3464, 9
3465, 3
3466, 9
3467, 13
3468, 12
3469, 6
3470, 20
3471, 9
3472, 26
3473, 149
3474, 5
3475, 1
3476, 1
3477, 14
3478, 6
3479, 4
3480, 20
3481, 32
3482, 4
3483, 2
3484, 3
3485, 1
3486, 16
3487, 15
3488, 17
3489, 6
3490, 30
3491, 11
3492, 1
3493, 1
3494, 8
3495, 14
3496, 1
3497, 21
3498, 1
3499, 2
3500, 3
3501, 1
3502, 1
3503, 1
3504, 4
3505, 3
3506, 5
3507, 2
3508, 1
3509, 1
3510, 5
3511, 2
3512, 7
3513, 9
3514, 11
3515, 16
3516, 1
3517, 2
3518, 1
3519, 4
3520, 1
3521, 4
3522, 2
3523, 8
3524, 1
3525, 4
3526, 4
3527, 27
3528, 27
3529, 4
3530, 50
3531, 2
3532, 16
3533, 12
3534, 18
3535, 17
3536, 11
3537, 19
3538, 17
3539, 11
3540, 1
3541, 58
3542, 4
3543, 5
3544, 5
3545, 6
3546, 6
3547, 10
3548, 8
3549, 4
3550, 4
3551, 19
3552, 8
3553, 6
3554, 5
3555, 10
3556, 5
3557, 24
3558, 22
3559, 16
3560, 9
3561, 14
3562, 24
3563, 1
3564, 1
3565, 6
3566, 3
3567, 2
3568, 14
3569, 12
3570, 156
3571, 8
3572, 7
3573, 25
3574, 8
3575, 94
3576, 58
3577, 4
3578, 21
3579, 2
3580, 159
3581, 16
3582, 37
3583, 10
3584, 260
3585, 2
3586, 21
3587, 44
3588, 9
3589, 6
3590, 21
3591, 6
3592, 6
3593, 2
3594, 4
3595, 2
3596, 1
3597, 4
3598, 2
3599, 1
3600, 6
3601, 3
3602, 10
3603, 309
3604, 27
3605, 37
3606, 1
3607, 19
3608, 16
3609, 18
3610, 13
3611, 12
3612, 21
3613, 18
3614, 81
3615, 12
3616, 9
3617, 11
3618, 7
3619, 3
3620, 2
3621, 6
3622, 1
3623, 12
3624, 14
3625, 1
3626, 9
3627, 1
3628, 2
3629, 18
3630, 11
3631, 1
3632, 2
3633, 3
3634, 1
3635, 4
3636, 2
3637, 5
3638, 1
3639, 19
3640, 18
3641, 12
3642, 19
3643, 24
3644, 5
3645, 3
3646, 14
3647, 11
3648, 16
3649, 9
3650, 18
3651, 17
3652, 19
3653, 10
3654, 13
3655, 10
3656, 16
3657, 9
3658, 12
3659, 28
3660, 2
3661, 3
3662, 4
3663, 1
3664, 2
3665, 1
3666, 1
3667, 2
3668, 2
3669, 1
3670, 1
3671, 1
3672, 112
3673, 1
3674, 3
3675, 9
3676, 125
3677, 5
3678, 1
3679, 4
3680, 4
3681, 8
3682, 10
3683, 8
3684, 7
3685, 7
3686, 5
3687, 150
3688, 5
3689, 30
3690, 42
3691, 27
3692, 2
3693, 47
3694, 17
3695, 6
3696, 1
3697, 1
3698, 1
3699, 2
3700, 6
3701, 3
3702, 5
3703, 1
3704, 1
3705, 1
3706, 59
3707, 6
3708, 2
3709, 1
3710, 1
3711, 2
3712, 2
3713, 1
3714, 1
3715, 1
3716, 1
3717, 2
3718, 1
3719, 1
3720, 1
3721, 1
3722, 1
3723, 1
3724, 25
3725, 1
3726, 1
3727, 2
3728, 5
3729, 1
3730, 1
3731, 43
3732, 2
3733, 3
3734, 1
3735, 2
3736, 3
3737, 1
3738, 16
3739, 13
3740, 4
3741, 4
3742, 2
3743, 2
3744, 19
3745, 4
3746, 7
3747, 3
3748, 1
3749, 4
3750, 16
3751, 31
3752, 1
3753, 25
3754, 6
3755, 3
3756, 29
3757, 46
3758, 10
3759, 13
3760, 15
3761, 6
3762, 1
3763, 1
3764, 2
3765, 2
3766, 2
3767, 2
3768, 5
3769, 2
3770, 1
3771, 3
3772, 1
3773, 1
3774, 2
3775, 1
3776, 5
3777, 3
3778, 3
3779, 5
3780, 2
3781, 9
3782, 1
3783, 5
3784, 5
3785, 8
3786, 15
3787, 45
3788, 4
3789, 2
3790, 14
3791, 11
3792, 5
3793, 2
3794, 2
3795, 3
3796, 2
3797, 1
3798, 3
3799, 1
3800, 1
3801, 2
3802, 1
3803, 1
3804, 1
3805, 1
3806, 2
3807, 1
3808, 1
3809, 1
3810, 1
3811, 1
3812, 2
3813, 1
3814, 1
3815, 1
3816, 1
3817, 1
3818, 1
3819, 3
3820, 1
3821, 2
3822, 1
3823, 4
3824, 1
3825, 1
3826, 12
3827, 1
3828, 7
3829, 7
3830, 8
3831, 7
3832, 2
3833, 4
3834, 6
3835, 2
3836, 2
3837, 6
3838, 13
3839, 4
3840, 2
3841, 7
3842, 19
3843, 3
3844, 2
3845, 1
3846, 24
3847, 20
3848, 55
3849, 1
3850, 3
3851, 1
3852, 2
3853, 1
3854, 6
3855, 3
3856, 1
3857, 35
3858, 27
3859, 14
3860, 12
3861, 17
3862, 19
3863, 11
3864, 7
3865, 5
3866, 10
3867, 17
3868, 7
3869, 4
3870, 7
3871, 5
3872, 21
3873, 17
3874, 18
3875, 16
3876, 18
3877, 6
3878, 23
3879, 12
3880, 1
3882, 2
3883, 2
3884, 5
3885, 3
3886, 1
3887, 16
3888, 11
3889, 5
3890, 9
3891, 8
3892, 7
3893, 5
3894, 15
3895, 2
3896, 3
3897, 3
3898, 6
3899, 6
3900, 4
3901, 4
3902, 3
3903, 3
3904, 4
3905, 1
3906, 47
3907, 19
3908, 1
3909, 1
3910, 2
3911, 13
3912, 13
3913, 5
3914, 17
3915, 6
3916, 3
3917, 4
3918, 8
3919, 19
3920, 9
3921, 16
3922, 6
3923, 5
3924, 18
3925, 3
3926, 7
3927, 3
3928, 1
3929, 1
3930, 1
3931, 1
3932, 3
3933, 3
3934, 1
3935, 1
3936, 1
3937, 2
3938, 1
3939, 1
3940, 2
3941, 4
3942, 2
3943, 4
3944, 2
3945, 12
3946, 2
3947, 22
3948, 16
3949, 10
3950, 9
3951, 1
3952, 14
3953, 13
3954, 9
3955, 19
3956, 12
3957, 12
3958, 1
3959, 13
3960, 16
3961, 13
3962, 15
3963, 15
3964, 12
3965, 4
3966, 11
3967, 20
3968, 9
3969, 31
3970, 18
3971, 1
3972, 1
3973, 4
3974, 2
3975, 1
3976, 1
3977, 3
3978, 3
3979, 2
3980, 1
3981, 2
3982, 2
3983, 1
3984, 1
3985, 3
3986, 2
3987, 2
3988, 2
3989, 4
3990, 1
3991, 1
3992, 1
3993, 5
3994, 2
3995, 1
3996, 8
3997, 30
3998, 34
3999, 16
4000, 5
4001, 12
4002, 37
4003, 21
4004, 7
4005, 1
4006, 1
4007, 2
4008, 1
4009, 1
4010, 1
4011, 1
4012, 1
4013, 3
4014, 1
4015, 15
4016, 6
4017, 3
4018, 16
4019, 2
4020, 5
4021, 11
4022, 1
4023, 7
4024, 11
4025, 12
4026, 3
4027, 1
4028, 2
4029, 2
4030, 4
4031, 1
4032, 5
4033, 4
4034, 1
4035, 1
4036, 5
4037, 1
4038, 1
4039, 4
4040, 7
4041, 15
4042, 2
4043, 4
4044, 10
4045, 3
4046, 1
4047, 2
4048, 2
4049, 1
4050, 6
4051, 7
4052, 3
4053, 1
4054, 5
4055, 2
4056, 2
4057, 3
4058, 1
4059, 2
4060, 3
4061, 3
4062, 6
4063, 16
4064, 19
4065, 9
4066, 2
4067, 1
4068, 1
4069, 1
4070, 94
4071, 15
4072, 1
4073, 18
4074, 12
4075, 1
4076, 25
4077, 8
4078, 1
4079, 4
4080, 4
4081, 12
4082, 9
4083, 10
4084, 5
4085, 6
4086, 1
4087, 1
4088, 5
4089, 3
4090, 4
4091, 3
4092, 3
4093, 4
4094, 2
4095, 1
4096, 1
4097, 3
4098, 2
4099, 1
4100, 3
4101, 4
4102, 22
4103, 3
4104, 22
4105, 10
4106, 6
4107, 2
4108, 2
4109, 1
4110, 4
4111, 2
4112, 3
4113, 1
4114, 2
4115, 20
4116, 16
4117, 8
4118, 11
4119, 26
4120, 16
4121, 4
4122, 1
4123, 4
4124, 10
4125, 1
4126, 3
4127, 22
4128, 9
4129, 2
4130, 2
4131, 3
4132, 2
4133, 19
4134, 17
4135, 6
4136, 6
4137, 10
4138, 1
4139, 7
4140, 4
4141, 7
4142, 2
4143, 4
4144, 3
4145, 10
4146, 5
4147, 4
4148, 4
4149, 6
4150, 2
4151, 5
4152, 2
4153, 2
4154, 2
4155, 16
4156, 11
4157, 2
4158, 6
4159, 4
4160, 8
4161, 2
4162, 2
4163, 4
4164, 7
4165, 3
4166, 7
4167, 7
4168, 4
4169, 2
4170, 7
4171, 1
4172, 5
4173, 5
4174, 5
4175, 1
4176, 3
4177, 5
4178, 11
4179, 4
4180, 1
4181, 1
4182, 2
4183, 1
4184, 5
4185, 1
4186, 2
4187, 3
4188, 10
4189, 3
4190, 1
4191, 13
4192, 11
4193, 1
4194, 4
4195, 1
4196, 23
4197, 4
4198, 2
4199, 4
4200, 1
4201, 38
4202, 38
4203, 1
4204, 20
4205, 1
4206, 4
4207, 6
4208, 3
4209, 1
4210, 3
4211, 5
4212, 1
4213, 2
4214, 7
4215, 1
4216, 1
4217, 1
4218, 4
4219, 1
4220, 16
4221, 5
4222, 7
4223, 7
4224, 1
4225, 1
4226, 4
4227, 1
4228, 1
4229, 2
4230, 3
4231, 4
4232, 1
4233, 2
4234, 1
4235, 2
4236, 3
4237, 1
4238, 1
4239, 2
4240, 4
4241, 1
4242, 3
4243, 3
4244, 1
4245, 2
4246, 2
4247, 1
4248, 1
4249, 3
4250, 4
4251, 1
4252, 1
4253, 1
4254, 1
4255, 2
4256, 2
4257, 1
4258, 1
4259, 1
4260, 2
4261, 2
4262, 2
4263, 1
4264, 2
4265, 3
4266, 7
4267, 4
4268, 2
4269, 9
4270, 2
4271, 1
4272, 11
4273, 17
4274, 25
4275, 9
4276, 22
4277, 16
4278, 8
4279, 36
4280, 6
4281, 2
4282, 24
4283, 38
4284, 7
4285, 14
4286, 1
4287, 6
4288, 2
4289, 3
4290, 3
4291, 1
4292, 25
4293, 1
4294, 11
4295, 6
4296, 3
4297, 6
4298, 4
4299, 1
4300, 3
4301, 3
4302, 1
4303, 1
4304, 4
4305, 2
4306, 2
4307, 9
4308, 11
4309, 3
4310, 2
4311, 1
4312, 1
4313, 4
4314, 10
4315, 7
4316, 6
4317, 2
4318, 8
4319, 4
4320, 4
4321, 6
4322, 8
4323, 4
4324, 7
4325, 3
4326, 11
4327, 11
4328, 4
4329, 8
4330, 1
4331, 1
4332, 4
4333, 2
4334, 3
4335, 6
4336, 3
4337, 6
4338, 6
4339, 3
4340, 4
4341, 4
4342, 1
4343, 3
4344, 9
4345, 2
4346, 2
4347, 7
4348, 6
4349, 4
4350, 4
4351, 4
4352, 4
4353, 6
4354, 4
4355, 6
4356, 4
4357, 4
4358, 4
4359, 6
4360, 5
4361, 4
4362, 4
4363, 1
4364, 9
4365, 1
4366, 15
4367, 9
4368, 28
4369, 24
4370, 17
4371, 11
4372, 24
4373, 6
4374, 8
4375, 6
4376, 72
4377, 5
4378, 7
4379, 6
4380, 15
4381, 15
4382, 11
4383, 26
4384, 6
4385, 3
4386, 12
4387, 7
4388, 29
4389, 9
4390, 20
4391, 15
4392, 12
4393, 9
4394, 2
4395, 1
4396, 1
4397, 2
4398, 1
4399, 1
4400, 1
4401, 1
4402, 1
4403, 1
4404, 1
4405, 1
4406, 1
4407, 1
4408, 1
4409, 1
4410, 1
4411, 1
4412, 179
4413, 18
4414, 9
4415, 6
4416, 6
4417, 6
4418, 5
4419, 5
4420, 26
4421, 28
4422, 27
4423, 41
4424, 36
4425, 25
4426, 23
4427, 31
4428, 27
4429, 27
4430, 21
4431, 23
4432, 17
4433, 25
4434, 40
4435, 1
4436, 2
4437, 1
4438, 1
4439, 17
4440, 13
4441, 152
4442, 2
4443, 1
4444, 3
4445, 4
4446, 31
4447, 2
4448, 2
4449, 1
4450, 2
4451, 6
4452, 9
4453, 12
4454, 11
4455, 19
4456, 1
4457, 13
4458, 1
4459, 1
4460, 1
4461, 1
4462, 18
4463, 1
4464, 4
4465, 8
4466, 7
4467, 7
4468, 6
4469, 6
4470, 6
4471, 7
4472, 9
4473, 5
4474, 11
4475, 8
4476, 7
4477, 1
4478, 2
4479, 2
4480, 1
4481, 2
4482, 2
4483, 3
4484, 4
4485, 3
4486, 6
4487, 3
4488, 29
4489, 13
4490, 11
4491, 8
4492, 13
4493, 18
4494, 50
4495, 13
4496, 4
4497, 3
4498, 2
4499, 1
4500, 17
4501, 1
4502, 1
4503, 1
4504, 1
4505, 2
4506, 1
4507, 1
4508, 4
4509, 7
4510, 1
4511, 9
4512, 3
4513, 2
4514, 1
4515, 5
4516, 1
4517, 8
4518, 29
4519, 1
4520, 2
4521, 1
4522, 1
4523, 117
4524, 3
4525, 1
4526, 12
4527, 23
4528, 3
4529, 2
4530, 3
4531, 13
4532, 2
4533, 12
4534, 2
4535, 1
4536, 4
4537, 19
4538, 9
4539, 1
4540, 13
4541, 1
4542, 2
4543, 3
4544, 1
4545, 1
4546, 3
4547, 1
4548, 20
4549, 4
4550, 1
4551, 18
4552, 1
4553, 1
4554, 1
4555, 2
4556, 3
4557, 1
4558, 7
4559, 1
4560, 1
4561, 1
4562, 8
4563, 1
4564, 1
4565, 1
4566, 8
4567, 2
4568, 1
4569, 6
4570, 1
4571, 6
4572, 2
4573, 1
4574, 1
4575, 1
4576, 10
4577, 1
4578, 1
4579, 3
4580, 1
4581, 14
4582, 1
4583, 1
4584, 4
4585, 2
4586, 5
4587, 3
4588, 9
4589, 2
4590, 7
4591, 3
4592, 8
4593, 1
4594, 4
4595, 10
4596, 4
4597, 1
4598, 1
4599, 1
4600, 17
4601, 6
4602, 1
4603, 2
4604, 2
4605, 14
4606, 2
4607, 18
4608, 3
4609, 1
4610, 2
4611, 4
4612, 3
4613, 3
4614, 3
4615, 3
4616, 4
4617, 15
4618, 4
4619, 2
4620, 1
4621, 1
4622, 1
4623, 3
4624, 2
4625, 1
4626, 1
4627, 4
4628, 35
4629, 4
4630, 3
4631, 1
4632, 2
4633, 2
4634, 3
4635, 1
4636, 4
4637, 2
4638, 8
4639, 1
4640, 1
4641, 2
4642, 2
4643, 3
4644, 1
4645, 3
4646, 2
4647, 1
4648, 1
4649, 2
4650, 7
4651, 3
4652, 27
4653, 1
4654, 26
4655, 5
4656, 1
4657, 1
4658, 1
4659, 2
4660, 1
4661, 1
4662, 3
4663, 1
4664, 9
4665, 9
4666, 9
4667, 6
4668, 9
4669, 8
4670, 1
4671, 2
4672, 1
4673, 8
4674, 8
4675, 1
4676, 9
4677, 1
4678, 1
4679, 3
4680, 1
4681, 1
4682, 4
4683, 3
4684, 2
4685, 5
4686, 7
4687, 2
4688, 5
4689, 10
4690, 5
4691, 66
4692, 6
4693, 4
4694, 6
4695, 2
4696, 5
4697, 4
4698, 6
4699, 3
4700, 31
4701, 2
4702, 1
4703, 3
4704, 6
4705, 1
4706, 1
4707, 9
4708, 2
4709, 5
4710, 2
4711, 6
4712, 2
4713, 4
4714, 2
4715, 3
4716, 1
4717, 1
4718, 1
4719, 1
4720, 1
4721, 1
4722, 1
4723, 3
4724, 1
4725, 1
4726, 1
4727, 2
4728, 2
4729, 1
4730, 3
4731, 1
4732, 1
4733, 2
4734, 3
4735, 2
4736, 1
4737, 1
4738, 1
4739, 2
4740, 1
4741, 2
4742, 2
4743, 1
4744, 1
4745, 1
4746, 1
4747, 1
4748, 1
4749, 1
4750, 2
4751, 1
4752, 1
4753, 3
4754, 1
4755, 1
4756, 3
4757, 2
4758, 1
4759, 1
4760, 2
4761, 2
4762, 1
4763, 1
4764, 2
4765, 1
4766, 1
4767, 1
4768, 1
4769, 1
4770, 1
4771, 1
4772, 3
4773, 1
4774, 1
4775, 1
4776, 2
4777, 2
4778, 1
4779, 2
4780, 1
4781, 1
4782, 2
4783, 1
4784, 1
4785, 1
4786, 1
4787, 2
4788, 1
4789, 1
4790, 1
4791, 1
4792, 1
4793, 1
4794, 1
4795, 1
4796, 1
4797, 5
4798, 1
4799, 1
4800, 2
4801, 3
4802, 1
4803, 1
4804, 3
4805, 10
4806, 1
4807, 1
4808, 1
4809, 1
4810, 2
4811, 2
4812, 4
4813, 3
4814, 2
4815, 1
4816, 2
4817, 4
4818, 2
4819, 4
4820, 1
4821, 3
4822, 1
4823, 1
4824, 1
4825, 1
4826, 1
4827, 1
4828, 1
4829, 1
4830, 1
4831, 1
4832, 2
4833, 1
4834, 4
4835, 1
4836, 3
4837, 1
4838, 5
4839, 8
4840, 7
4841, 3
4842, 3
4843, 1
4844, 1
4845, 1
4846, 4
4847, 1
4848, 4
4849, 124
4850, 4
4851, 3
4852, 6
4853, 1
4854, 1
4855, 1
4856, 2
4857, 2
4858, 2
4859, 2
4860, 16
4861, 4
4862, 9
4863, 51
4864, 5
4865, 1
4866, 4
4867, 2
4868, 2
4869, 1
4870, 2
4871, 2
4872, 3
4873, 6
4874, 4
4875, 4
4876, 1
4877, 2
4878, 1
4879, 2
4880, 1
4881, 1
4882, 54
4883, 1
4884, 2
4885, 1
4886, 1
4887, 3
4888, 2
4889, 4
4890, 2
4891, 1
4892, 2
4893, 1
4894, 3
4895, 2
4896, 3
4897, 2
4898, 3
4899, 2
4900, 2
4901, 2
4902, 5
4903, 3
4904, 3
4905, 1
4906, 7
4907, 1
4908, 3
4909, 1
4910, 3
4911, 3
4912, 2
4913, 1
4914, 2
4915, 2
4916, 2
4917, 2
4918, 26
4919, 5
4920, 2
4921, 1
4922, 1
4923, 7
4924, 3
4925, 2
4926, 3
4927, 3
4928, 6
4929, 9
4930, 11
4931, 4
4932, 2
4933, 3
4934, 2
4935, 4
4936, 4
4937, 2
4938, 4
4939, 14
4940, 6
4941, 21
4942, 5
4943, 1
4944, 6
4945, 6
4946, 7
4947, 2
4948, 8
4949, 4
4950, 1
4951, 4
4952, 7
4953, 4
4954, 3
4955, 13
4956, 10
4957, 3
4958, 6
4959, 4
4960, 3
4961, 13
4962, 12
4963, 1
4964, 4
4965, 1
4966, 2
4967, 2
4968, 4
4969, 6
4970, 4
4971, 4
4972, 4
4973, 1
4974, 1
4975, 2
4976, 7
4977, 1
4978, 5
4979, 3
4980, 2
4981, 1
4982, 9
4983, 2
4984, 7
4985, 2
4986, 2
4987, 6
4988, 1
4989, 4
4990, 2
4991, 3
4992, 1
4993, 2
4994, 1
4995, 1
4996, 1
4997, 3
4998, 1
4999, 5
5000, 1
5001, 1
5002, 1
5003, 1
5004, 3
5005, 1
5006, 1
5007, 1
5008, 1
5009, 7
5010, 1
5011, 1
5012, 3
5013, 1
5014, 2
5015, 23
5016, 3
5017, 1
5018, 1
5019, 12
5020, 2
5021, 1
5022, 10
5023, 1
5024, 2
5025, 7
5026, 1
5027, 8
5028, 4
5029, 1
5030, 1
5031, 4
5032, 1
5033, 2
5034, 6
5035, 6
5036, 7
5037, 2
5038, 1
5039, 1
5040, 1
5041, 4
5042, 1
5043, 1
5044, 1
5045, 1
5046, 3
5047, 4
5048, 2
5049, 3
5050, 4
5051, 1
5052, 2
5053, 34
5054, 2
5055, 1
5056, 3
5057, 1
5058, 2
5059, 5
5060, 2
5061, 3
5062, 2
5063, 1
5064, 1
5065, 2
5066, 1
5067, 1
5068, 3
5069, 1
5070, 3
5071, 1
5072, 4
5073, 1
5074, 2
5075, 1
5076, 2
5077, 4
5078, 1
5079, 1
5080, 1
5081, 1
5082, 54
5083, 3
5084, 1
5085, 2
5086, 2
5087, 2
5088, 1
5089, 2
5090, 30
5091, 2
5092, 3
5093, 1
5094, 4
5095, 2
5096, 1
5097, 2
5098, 1
5099, 2
5100, 2
5101, 1
5102, 3
5103, 2
5104, 1
5105, 1
5106, 2
5107, 1
5108, 1
5109, 3
5110, 8
5111, 6
5112, 7
5113, 5
5114, 4
5115, 3
5116, 10
5117, 1
5118, 2
5119, 6
5120, 9
5121, 3
5122, 7
5123, 2
5124, 1
5125, 5
5126, 1
5127, 2
5128, 7
5129, 2
5130, 6
5131, 2
5132, 22
5133, 1
5134, 17
5135, 2
5136, 2
5137, 4
5138, 1
5139, 10
5140, 1
5141, 1
5142, 1
5143, 1
5144, 1
5145, 1
5146, 15
5147, 1
5148, 2
5149, 1
5150, 1
5151, 13
5152, 1
5153, 17
5154, 4
5155, 1
5156, 1
5157, 2
5158, 2
5159, 16
5160, 2
5161, 1
5162, 4
5163, 1
5164, 2
5165, 1
5166, 5
5167, 1
5168, 5
5169, 1
5170, 7
5171, 4
5172, 1
5173, 1
5174, 1
5175, 1
5176, 1
5177, 1
5178, 2
5179, 33
5180, 6
5181, 1
5182, 1
5183, 6
5184, 1
5185, 1
5186, 1
5187, 3
5188, 1
5189, 6
5190, 3
5191, 4
5192, 1
5193, 3
5194, 2
5195, 4
5196, 7
5197, 3
5198, 2
5199, 1
5200, 1
5201, 1
5202, 1
5203, 1
5204, 2
5205, 1
5206, 14
5207, 2
5208, 1
5209, 1
5210, 2
5211, 1
5212, 1
5213, 3
5214, 2
5215, 1
5216, 1
5217, 1
5218, 1
5219, 2
5220, 2
5221, 1
5222, 1
5223, 1
5224, 1
5225, 1
5226, 1
5227, 1
5228, 1
5229, 1
5230, 1
5231, 1
5232, 1
5233, 1
5234, 1
5235, 1
5236, 1
5237, 1
5238, 11
5239, 3
5240, 1
5241, 1
5242, 1
5243, 1
5244, 1
5245, 1
5246, 1
5247, 1
5248, 1
5249, 1
5250, 3
5251, 74
5252, 1
5253, 1
5254, 12
5255, 5
5256, 2
5257, 1
5258, 2
5259, 1
5260, 2
5261, 1
5262, 2
5263, 1
5264, 3
5265, 10
5266, 1
5267, 1
5268, 1
5269, 1
5270, 2
5271, 1
5272, 1
5273, 12
5274, 1
5275, 5
5276, 3
5277, 1
5278, 37
5279, 1
5280, 8
5281, 3
5282, 1
5283, 1
5284, 1
5285, 1
5286, 29
5287, 1
5288, 1
5289, 1
5290, 1
5291, 1
5292, 1
5293, 1
5294, 1
5295, 3
5296, 2
5297, 6
5298, 3
5299, 4
5300, 2
5301, 1
5302, 1
5303, 3
5304, 1
5305, 1
5306, 2
5307, 2
5308, 1
5309, 1
5310, 1
5311, 1
5312, 2
5313, 1
5314, 1
5315, 2
5316, 10
5317, 1
5318, 1
5319, 1
5320, 1
5321, 6
5322, 1
5323, 3
5324, 1
5325, 1
5326, 27
5327, 1
5328, 2
5329, 4
5330, 1
5331, 5
5332, 3
5333, 1
5334, 3
5335, 3
5336, 2
5337, 1
5338, 1
5339, 1
5340, 1
5341, 4
5342, 1
5343, 1
5344, 1
5345, 1
5346, 3
5347, 25
5348, 1
5349, 1
5350, 1
5351, 15
5352, 5
5353, 1
5354, 2
5355, 1
5356, 2
5357, 1
5358, 2
5359, 3
5360, 1
5361, 1
5362, 3
5363, 2
5364, 1
5365, 7
5366, 1
5367, 1
5368, 2
5369, 1
5370, 2
5371, 1
5372, 2
5373, 9
5374, 1
5375, 1
5376, 2
5377, 2
5378, 2
5379, 2
5380, 1
5381, 26
5382, 4
5383, 2
5384, 6
5385, 1
5386, 4
5387, 1
5388, 1
5389, 1
5390, 1
5391, 1
5392, 1
5393, 1
5394, 2
5395, 1
5396, 1
5397, 1
5398, 3
5399, 2
5400, 3
5401, 4
5402, 1
5403, 1
5404, 1
5405, 1
5406, 1
5407, 2
5408, 2
5409, 1
5410, 1
5411, 9
5412, 1
5413, 1
5414, 2
5415, 1
5416, 1
5417, 2
5418, 1
5419, 4
5420, 1
5421, 1
5422, 1
5423, 7
5424, 2
5425, 2
5426, 1
5427, 4
5428, 2
5429, 2
5430, 3
5431, 5
5432, 1
5433, 1
5434, 1
5435, 2
5436, 1
5437, 5
5438, 5
5439, 16
5440, 2
5441, 11
5442, 2
5443, 10
5444, 5
5445, 6
5446, 7
5447, 4
5448, 5
5449, 4
5450, 6
5451, 1
5452, 1
5453, 14
5454, 5
5455, 1
5456, 1
5457, 1
5458, 3
5459, 1
5460, 3
5461, 4
5462, 5
5463, 6
5464, 3
5465, 8
5466, 6
5467, 8
5468, 1
5469, 2
5470, 8
5471, 8
5472, 3
5473, 7
5474, 10
5475, 4
5476, 10
5477, 3
5478, 2
5479, 4
5480, 7
5481, 5
5482, 6
5483, 1
5484, 3
5485, 5
5486, 8
5487, 4
5488, 4
5489, 5
5490, 7
5491, 5
5492, 9
5493, 7
5494, 8
5495, 3
5496, 4
5497, 1
5498, 4
5499, 6
5500, 3
5501, 10
5502, 4
5503, 5
5504, 3
5505, 2
5506, 7
5507, 3
5508, 5
5509, 7
5510, 5
5511, 6
5512, 9
5513, 8
5514, 2
5515, 7
5516, 7
5517, 4
5518, 5
5519, 5
5520, 2
5521, 3
5522, 5
5523, 9
5524, 1
5525, 5
5526, 5
5527, 2
5528, 4
5529, 3
5530, 3
5531, 5
5532, 5
5533, 2
5534, 3
5535, 1
5536, 1
5537, 2
5538, 1
5539, 1
5540, 3
5541, 2
5542, 1
5543, 5
5544, 3
5545, 3
5546, 10
5547, 2
5548, 7
5549, 8
5550, 1
5551, 3
5552, 5
5553, 2
5554, 2
5555, 3
5556, 1
5557, 4
5558, 4
5559, 1
5560, 1
5561, 3
5562, 2
5563, 1
5564, 2
5565, 1
5566, 5
5567, 5
5568, 5
5569, 7
5570, 8
5571, 3
5572, 1
5573, 1
5574, 1
5575, 5
5576, 2
5577, 1
5578, 1
5579, 16
5580, 8
5581, 9
5582, 6
5583, 2
5584, 1
5585, 1
5586, 1
5587, 17
5588, 3
5589, 10
5590, 11
5591, 2
5592, 1
5593, 3
5594, 2
5595, 1
5596, 1
5597, 1
5598, 1
5599, 14
5600, 5
5601, 1
5602, 3
5603, 5
5604, 3
5605, 1
5606, 2
5607, 6
5608, 2
5609, 15
5610, 6
5611, 2
5612, 4
5613, 2
5614, 8
5615, 1
5616, 17
5617, 4
5618, 3
5619, 1
5620, 4
5621, 4
5622, 1
5623, 1
5624, 1
5625, 1
5626, 1
5627, 2
5628, 1
5629, 1
5630, 1
5631, 1
5632, 1
5633, 1
5634, 1
5635, 1
5636, 2
5637, 2
5638, 2
5639, 1
5640, 1
5641, 1
5642, 3
5643, 1
5644, 1
5645, 1
5646, 1
5647, 1
5648, 2
5649, 1
5650, 1
5651, 1
5652, 1
5653, 1
5654, 1
5655, 2
5656, 1
5657, 1
5658, 1
5659, 1
5660, 1
5661, 1
5662, 5
5663, 3
5664, 9
5665, 8
5666, 15
5667, 2
5668, 2
5669, 7
5670, 3
5671, 2
5672, 1
5673, 1
5674, 1
5675, 1
5676, 5
5677, 8
5678, 4
5679, 4
5680, 1
5681, 1
5682, 1
5683, 3
5684, 1
5685, 2
5686, 1
5687, 1
5688, 3
5689, 1
5690, 2
5691, 1
5692, 8
5693, 10
5694, 2
5695, 2
5696, 1
5697, 4
5698, 8
5699, 3
5700, 6
5701, 2
5702, 2
5703, 7
5704, 4
5705, 3
5706, 5
5707, 1
5708, 2
5709, 1
5710, 4
5711, 2
5712, 17
5713, 3
5714, 12
5715, 1
5716, 10
5717, 9
5718, 1
5719, 14
5720, 5
5721, 5
5722, 2
5723, 3
5724, 6
5725, 4
5726, 13
5727, 5
5728, 1
5729, 4
5730, 5
5731, 3
5732, 5
5733, 7
5734, 12
5735, 3
5736, 5
5737, 5
5738, 8
5739, 9
5740, 9
5741, 14
5742, 10
5743, 2
5744, 9
5745, 1
5746, 3
5747, 2
5748, 1
5749, 1
5750, 3
5751, 4
5752, 6
5753, 1
5754, 3
5755, 1
5756, 1
5757, 2
5758, 2
5759, 1
5760, 1
5761, 1
5762, 1
5763, 1
5764, 1
5765, 1
5766, 4
5767, 15
5768, 4
5769, 1
5770, 1
5771, 1
5772, 1
5773, 1
5774, 1
5775, 1
5776, 1
5777, 12
5778, 1
5779, 1
5780, 1
5781, 2
5782, 1
5783, 5
5784, 5
5785, 2
5786, 1
5787, 1
5788, 1
5789, 1
5790, 4
5791, 1
5792, 1
5793, 4
5794, 4
5795, 2
5796, 1
5797, 14
5798, 5
5799, 1
5800, 1
5801, 10
5802, 3
5803, 1
5804, 4
5805, 1
5806, 19
5807, 1
5808, 1
5809, 2
5810, 1
5811, 5
5812, 1
5813, 3
5814, 1
5815, 2
5816, 1
5817, 2
5818, 2
5819, 19
5820, 3
5821, 3
5822, 4
5823, 1
5824, 7
5825, 1
5826, 1
5827, 2
5828, 1
5829, 2
5830, 2
5831, 2
5832, 2
5833, 2
5834, 2
5835, 2
5836, 1
5837, 5
5838, 11
5839, 2
5840, 8
5841, 7
5842, 1
5843, 1
5844, 2
5845, 9
5846, 3
5847, 1
5848, 2
5849, 1
5850, 3
5851, 1
5852, 3
5853, 1
5854, 1
5855, 8
5856, 4
5857, 4
5858, 6
5859, 1
5860, 9
5861, 3
5862, 5
5863, 8
5864, 1
5865, 2
5866, 2
5867, 4
5868, 3
5869, 1
5870, 2
5871, 2
5872, 12
5873, 1
5874, 4
5875, 1
5876, 4
5877, 2
5878, 4
5879, 1
5880, 2
5881, 4
5882, 1
5883, 1
5884, 2
5885, 1
5886, 1
5887, 1
5888, 9
5889, 2
5890, 6
5891, 6
5892, 3
5893, 5
5894, 5
5895, 7
5896, 3
5897, 5
5898, 1
5899, 5
5900, 1
5901, 1
5902, 2
5903, 4
5904, 2
5905, 1
5906, 3
5907, 7
5908, 4
5909, 3
5910, 4
5911, 2
5912, 3
5913, 7
5914, 6
5915, 3
5916, 13
5917, 5
5918, 1
5919, 16
5920, 8
5921, 8
5922, 2
5923, 1
5924, 1
5925, 9
5926, 2
5927, 7
5928, 1
5929, 6
5930, 1
5931, 1
5932, 3
5933, 4
5934, 2
5935, 1
5936, 1
5937, 1
5938, 3
5939, 3
5940, 4
5941, 2
5942, 2
5943, 3
5944, 2
5945, 1
5946, 1
5947, 1
5948, 3
5949, 5
5950, 1
5951, 5
5952, 5
5953, 1
5954, 1
5955, 1
5956, 6
5957, 3
5958, 1
5959, 2
5960, 1
5961, 3
5962, 2
5963, 2
5964, 2
5965, 3
5966, 1
5967, 1
5968, 1
5969, 4
5970, 4
5971, 1
5972, 1
5973, 1
5974, 2
5975, 2
5976, 8
5977, 3
5978, 2
5979, 4
5980, 1
5981, 2
5982, 1
5983, 3
5984, 5
5985, 7
5986, 6
5987, 4
5988, 9
5989, 1
5990, 5
5991, 1
5992, 2
5993, 2
5994, 5
5995, 1
5996, 6
5997, 1
5998, 1
5999, 5
6000, 5
6001, 2
6002, 3
6003, 1
6004, 9
6005, 3
6006, 2
6007, 1
6008, 3
6009, 1
6010, 3
6011, 1
6012, 1
6013, 2
6014, 1
6015, 8
6016, 1
6017, 3
6018, 7
6019, 1
6020, 2
6021, 7
6022, 2
6023, 3
6024, 9
6025, 4
6026, 13
6027, 5
6028, 6
6029, 10
6030, 1
6031, 1
6032, 7
6033, 1
6034, 1
6035, 1
6036, 1
6037, 4
6038, 5
6039, 9
6040, 1
6041, 1
6042, 14
6043, 1
6044, 2
6045, 1
6046, 3
6047, 2
6048, 2
6049, 1
6050, 1
6051, 2
6052, 1
6053, 3
6054, 2
6055, 2
6056, 1
6057, 2
6058, 5
6059, 6
6060, 3
6061, 3
6062, 4
6063, 2
6064, 1
6065, 2
6066, 3
6067, 2
6068, 1
6069, 2
6070, 1
6071, 2
6072, 1
6073, 2
6074, 3
6075, 8
6076, 1
6077, 1
6078, 3
6079, 1
6080, 15
6081, 7
6082, 11
6083, 1
6084, 1
6085, 1
6086, 3
6087, 3
6088, 5
6089, 1
6090, 3
6091, 12
6092, 6
6093, 3
6094, 1
6095, 2
6096, 2
6097, 1
6098, 1
6099, 1
6100, 4
6101, 1
6102, 2
6103, 1
6104, 1
6105, 2
6106, 6
6107, 1
6108, 4
6109, 1
6110, 10
6111, 1
6112, 1
6113, 6
6114, 2
6115, 1
6116, 5
6117, 2
6118, 1
6119, 1
6120, 1
6121, 5
6122, 6
6123, 2
6124, 1
6125, 3
6126, 3
6127, 2
6128, 3
6129, 1
6130, 1
6131, 1
6132, 1
6133, 2
6134, 7
6135, 2
6136, 3
6137, 1
6138, 1
6139, 1
6140, 13
6141, 4
6142, 1
6143, 1
6144, 12
6145, 1
6146, 1
6147, 4
6148, 18
6149, 1
6150, 3
6151, 1
6152, 1
6153, 2
6154, 2
6155, 1
6156, 4
6157, 4
6158, 7
6159, 3
6160, 7
6161, 3
6162, 2
6163, 3
6164, 1
6165, 1
6166, 2
6167, 4
6168, 1
6169, 2
6170, 1
6171, 1
6172, 11
6173, 1
6174, 1
6175, 2
6176, 1
6177, 1
6178, 3
6179, 1
6180, 5
6181, 1
6182, 3
6183, 1
6184, 6
6185, 4
6186, 3
6187, 3
6188, 1
6189, 8
6190, 1
6191, 3
6192, 5
6193, 2
6194, 3
6195, 1
6196, 5
6197, 1
6198, 1
6199, 1
6200, 1
6201, 3
6202, 1
6203, 1
6204, 1
6205, 2
6206, 1
6207, 1
6208, 1
6209, 3
6210, 2
6211, 2
6212, 1
6213, 7
6214, 4
6215, 3
6216, 3
6217, 1
6218, 2
6219, 1
6220, 2
6221, 1
6222, 1
6223, 1
6224, 4
6225, 1
6226, 1
6227, 8
6228, 1
6229, 3
6230, 1
6231, 2
6232, 2
6233, 4
6234, 2
6235, 5
6236, 4
6237, 6
6238, 1
6239, 1
6240, 6
6241, 3
6242, 5
6243, 1
6244, 3
6245, 1
6246, 1
6247, 4
6248, 3
6249, 1
6250, 2
6251, 1
6252, 1
6253, 6
6254, 1
6255, 6
6256, 4
6257, 4
6258, 4
6259, 2
6260, 6
6261, 1
6262, 6
6263, 1
6264, 1
6265, 2
6266, 8
6267, 5
6268, 2
6269, 2
6270, 2
6271, 1
6272, 3
6273, 3
6274, 1
6275, 6
6276, 2
6277, 1
6278, 3
6279, 5
6280, 2
6281, 2
6282, 2
6283, 1
6284, 3
6285, 5
6286, 1
6287, 4
6288, 1
6289, 1
6290, 1
6291, 2
6292, 2
6293, 8
6294, 2
6295, 1
6296, 4
6297, 1
6298, 1
6299, 2
6300, 2
6301, 2
6302, 1
6303, 1
6304, 8
6305, 8
6306, 2
6307, 1
6308, 4
6309, 3
6310, 6
6311, 1
6312, 2
6313, 1
6314, 1
6315, 2
6316, 2
6317, 1
6318, 1
6319, 4
6320, 9
6321, 1
6322, 2
6323, 2
6324, 4
6325, 1
6326, 1
6327, 1
6328, 1
6329, 5
6330, 4
6331, 1
6332, 6
6333, 1
6334, 1
6335, 7
6336, 1
6337, 2
6338, 1
6339, 4
6340, 1
6341, 1
6342, 1
6343, 2
6344, 5
6345, 5
6346, 2
6347, 1
6348, 4
6349, 3
6350, 1
6351, 1
6352, 2
6353, 1
6354, 2
6355, 1
6356, 1
6357, 2
6358, 2
6359, 8
6360, 2
6361, 4
6362, 1
6363, 1
6364, 5
6365, 1
6366, 4
6367, 3
6368, 2
6369, 2
6370, 1
6371, 2
6372, 3
6373, 2
6374, 5
6375, 1
6376, 3
6377, 8
6378, 9
6379, 2
6380, 5
6381, 6
6382, 1
6383, 12
6384, 8
6385, 2
6386, 3
6387, 3
6388, 2
6389, 4
6390, 2
6391, 4
6392, 5
6393, 8
6394, 2
6395, 3
6396, 3
6397, 2
6398, 2
6399, 2
6400, 2
6401, 6
6402, 2
6403, 1
6404, 1
6405, 1
6406, 9
6407, 3
6408, 1
6409, 3
6410, 1
6411, 1
6412, 4
6413, 1
6414, 2
6415, 1
6416, 3
6417, 2
6418, 1
6419, 1
6420, 1
6421, 2
6422, 1
6423, 1
6424, 2
6425, 5
6426, 2
6427, 1
6428, 2
6429, 2
6430, 2
6431, 1
6432, 1
6433, 1
6434, 1
6435, 1
6436, 2
6437, 1
6438, 1
6439, 1
6440, 7
6441, 4
6442, 6
6443, 1
6444, 2
6445, 2
6446, 2
6447, 1
6448, 1
6449, 8
6450, 7
6451, 1
6452, 1
6453, 1
6454, 1
6455, 2
6456, 2
6457, 3
6458, 1
6459, 1
6460, 2
6461, 2
6462, 3
6463, 7
6464, 3
6465, 2
6466, 2
6467, 1
6468, 1
6469, 1
6470, 2
6471, 1
6472, 1
6473, 3
6474, 3
6475, 7
6476, 4
6477, 3
6478, 6
6479, 2
6480, 1
6481, 4
6482, 2
6483, 1
6484, 1
6485, 1
6486, 2
6487, 11
6488, 1
6489, 1
6490, 1
6491, 4
6492, 4
6493, 1
6494, 1
6495, 1
6496, 1
6497, 1
6498, 1
6499, 1
6500, 1
6501, 3
6502, 1
6503, 1
6504, 1
6505, 1
6506, 1
6507, 1
6508, 1
6509, 1
6510, 1
6511, 4
6512, 4
6513, 2
6514, 1
6515, 2
6516, 2
6517, 1
6518, 8
6519, 1
6520, 1
6521, 2
6522, 2
6523, 2
6524, 1
6525, 2
6526, 1
6527, 3
6528, 1
6529, 1
6530, 1
6531, 5
6532, 1
6533, 2
6534, 4
6535, 1
6536, 2
6537, 2
6538, 1
6539, 2
6540, 3
6541, 1
6542, 1
6543, 1
6544, 1
6545, 1
6546, 1
6547, 1
6548, 2
6549, 1
6550, 1
6551, 1
6552, 1
6553, 2
6554, 2
6555, 2
6556, 3
6557, 3
6558, 1
6559, 4
6560, 2
6561, 1
6562, 3
6563, 2
6564, 3
6565, 1
6566, 3
6567, 2
6568, 1
6569, 1
6570, 2
6571, 1
6572, 3
6573, 1
6574, 1
6575, 2
6576, 3
6577, 3
6578, 1
6579, 4
6580, 2
6581, 3
6582, 1
6583, 1
6584, 2
6585, 1
6586, 1
6587, 1
6588, 3
6589, 1
6590, 3
6591, 3
6592, 1
6593, 1
6594, 7
6595, 1
6596, 1
6597, 3
6598, 1
6599, 1
6600, 2
6601, 2
6602, 6
6603, 2
6604, 1
6605, 2
6606, 2
6607, 1
6608, 1
6609, 1
6610, 2
6611, 1
6612, 1
6613, 3
6614, 1
6615, 2
6616, 2
6617, 2
6618, 1
6619, 2
6620, 2
6621, 1
6622, 3
6623, 1
6624, 1
6625, 2
6626, 2
6627, 4
6628, 1
6629, 5
6630, 1
6631, 6
6632, 1
6633, 1
6634, 5
6635, 1
6636, 1
6637, 1
6638, 1
6639, 1
6640, 1
6641, 1
6642, 3
6643, 2
6644, 1
6645, 1
6646, 1
6647, 1
6648, 1
6649, 1
6650, 1
6651, 1
6652, 2
6653, 1
6654, 5
6655, 1
6656, 1
6657, 1
6658, 2
6659, 2
6660, 1
6661, 1
6662, 1
6663, 1
6664, 1
6665, 2
6666, 1
6667, 2
6668, 6
6669, 3
6670, 1
6671, 1
6672, 1
6673, 2
6674, 1
6675, 1
6676, 1
6677, 1
6678, 1
6679, 1
6680, 1
6681, 5
6682, 2
6683, 2
6684, 3
6685, 4
6686, 2
6687, 1
6688, 2
6689, 1
6690, 1
6691, 1
6692, 1
6693, 1
6694, 1
6695, 1
6696, 2
6697, 1
6698, 9
6699, 3
6700, 1
6701, 2
6702, 1
6703, 1
6704, 2
6705, 4
6706, 6
6707, 1
6708, 1
6709, 6
6710, 3
6711, 2
6712, 1
6713, 1
6714, 2
6715, 3
6716, 1
6717, 1
6718, 2
6719, 1
6720, 3
6721, 1
6722, 1
6723, 1
6724, 2
6725, 1
6726, 1
6727, 1
6728, 1
6729, 2
6730, 2
6731, 1
6732, 2
6733, 1
6734, 1
6735, 1
6736, 1
6737, 2
6738, 1
6739, 4
6740, 4
6741, 1
6742, 1
6743, 1
6744, 1
6745, 1
6746, 1
6747, 1
6748, 1
6749, 1
6750, 1
6751, 1
6752, 4
6753, 1
6754, 1
6755, 1
6756, 24
6757, 24
6758, 4
6759, 1
6760, 2
6761, 22
6762, 2
6763, 1
6764, 2
6765, 2
6766, 2
6767, 1
6768, 1
6769, 3
6770, 2
6771, 1
6772, 1
6773, 2
6774, 2
6775, 1
6776, 3
6777, 2
6778, 4
6779, 2
6780, 1
6781, 2
6782, 1
6783, 1
6784, 1
6785, 1
6786, 1
6787, 1
6788, 5
6789, 2
6790, 1
6791, 1
6792, 1
6793, 4
6794, 3
6795, 1
6796, 1
6797, 1
6798, 1
6799, 1
6800, 1
6801, 1
6802, 1
6803, 1
6804, 1
6805, 1
6806, 2
6807, 2
6808, 1
6809, 1
6810, 1
6811, 1
6812, 1
6813, 6
6814, 7
6815, 7
6816, 2
6817, 4
6818, 2
6819, 4
6820, 1
6821, 3
6822, 1
6823, 6
6824, 1
6825, 2
6826, 1
6827, 1
6828, 1
6829, 2
6830, 3
6831, 1
6832, 2
6833, 2
6834, 2
6835, 1
6836, 1
6837, 4
6838, 2
6839, 1
6840, 1
6841, 5
6842, 3
6843, 1
6844, 4
6845, 2
6846, 2
6847, 2
6848, 2
6849, 1
6850, 5
6851, 2
6852, 3
6853, 3
6854, 3
6855, 1
6856, 1
6857, 2
6858, 2
6859, 2
6860, 2
6861, 2
6862, 1
6863, 1
6864, 1
6865, 1
6866, 1
6867, 1
6868, 1
6869, 1
6870, 2
6871, 1
6872, 2
6873, 2
6874, 1
6875, 6
6876, 3
6877, 2
6878, 1
6879, 1
6880, 6
6881, 1
6882, 1
6883, 28
6884, 23
6885, 23
6886, 28
6887, 21
6888, 36
6889, 14
6890, 13
6891, 35
6892, 1
6893, 20
6894, 55
6895, 24
6896, 5
6897, 11
6898, 38
6899, 38
6900, 1
6901, 10
6902, 7
6903, 5
6904, 22
6905, 34
6906, 44
6907, 7
6908, 9
6909, 12
6910, 7
6911, 8
6912, 30
6913, 16
6914, 41
6915, 6
6916, 47
6917, 13
6918, 21
6919, 17
6920, 18
6921, 18
6922, 52
6923, 10
6924, 2
6925, 2
6926, 4
6927, 15
6928, 1
6929, 32
6930, 1
6931, 14
6932, 1
6933, 2
6934, 2
6935, 1
6936, 1
6937, 1
6938, 2
6939, 17
6940, 4
6941, 5
6942, 4
6943, 4
6944, 2
6945, 2
6946, 1
6947, 2
6948, 3
6949, 1
6950, 8
6951, 9
6952, 1
6953, 5
6954, 2
6955, 2
6956, 1
6957, 2
6958, 1
6959, 2
6960, 2
6961, 1
6962, 1
6963, 4
6964, 1
6965, 1
6966, 1
6967, 1
6968, 1
6969, 3
6970, 3
6971, 1
6972, 1
6973, 2
6974, 1
6975, 1
6976, 1
6977, 1
6978, 3
6979, 1
6980, 1
6981, 1
6982, 4
6983, 1
6984, 4
6985, 2
6986, 1
6987, 1
6988, 4
6989, 1
6990, 1
6991, 2
6992, 1
6993, 2
6994, 2
6995, 1
6996, 1
6997, 1
6998, 1
6999, 1
7000, 1
7001, 1
7002, 1
7003, 1
7004, 1
7005, 1
7006, 1
7007, 2
7008, 2
7009, 1
7010, 1
7011, 3
7012, 1
7013, 1
7014, 6
7015, 2
7016, 1
7017, 3
7018, 2
7019, 1
7020, 1
7021, 1
7022, 3
7023, 1
7024, 4
7025, 2
7026, 3
7027, 2
7028, 2
7029, 4
7030, 2
7031, 1
7032, 1
7033, 4
7034, 5
7035, 2
7036, 3
7037, 2
7038, 2
7039, 1
7040, 1
7041, 1
7042, 2
7043, 2
7044, 2
7045, 1
7046, 1
7047, 6
7048, 1
7049, 3
7050, 1
7051, 1
7052, 1
7053, 12
7054, 6
7055, 1
7056, 1
7057, 1
7058, 3
7059, 6
7060, 1
7061, 6
7062, 4
7063, 1
7064, 2
7065, 2
7066, 1
7067, 2
7068, 2
7069, 1
7070, 1
7071, 1
7072, 1
7073, 2
7074, 1
7075, 1
7076, 1
7077, 2
7078, 1
7079, 1
7080, 1
7081, 1
7082, 1
7083, 1
7084, 1
7085, 2
7086, 1
7087, 1
7088, 1
7089, 1
7090, 2
7091, 2
7092, 1
7093, 1
7094, 4
7095, 1
7096, 3
7097, 1
7098, 1
7099, 2
7100, 1
7101, 1
7102, 1
7103, 1
7104, 1
7105, 1
7106, 1
7107, 2
7108, 1
7109, 1
7110, 1
7111, 1
7112, 2
7113, 1
7114, 5
7115, 2
7116, 1
7117, 1
7118, 1
7119, 1
7120, 1
7121, 1
7122, 1
7123, 1
7124, 1
7125, 1
7126, 2
7127, 1
7128, 1
7129, 1
7130, 1
7131, 2
7132, 1
7133, 2
7134, 1
7135, 1
7136, 1
7137, 1
7138, 1
7139, 3
7140, 2
7141, 1
7142, 1
7143, 2
7144, 1
7145, 1
7146, 1
7147, 2
7148, 1
7149, 2
7150, 1
7151, 1
7152, 2
7153, 1
7154, 1
7155, 5
7156, 2
7157, 1
7158, 2
7159, 1
7160, 1
7161, 2
7162, 1
7163, 3
7164, 1
7165, 1
7166, 1
7167, 1
7168, 1
7169, 2
7170, 2
7171, 1
7172, 1
7173, 2
7174, 1
7175, 1
7176, 1
7177, 1
7178, 2
7179, 2
7180, 2
7181, 1
7182, 1
7183, 1
7184, 1
7185, 241
7186, 1
7187, 1
7188, 1
7189, 1
7190, 1
7191, 3
7192, 4
7193, 1
7194, 3
7195, 1
7196, 1
7197, 1
7198, 1
7199, 2
7200, 1
7201, 2
7202, 2
7203, 2
7204, 1
7205, 1
7206, 1
7207, 1
7208, 1
7209, 1
7210, 1
7211, 1
7212, 1
7213, 1
7214, 1
7215, 1
7216, 2
7217, 1
7218, 1
7219, 1
7220, 1
7221, 1
7222, 1
7223, 1
7224, 1
7225, 3
7226, 2
7227, 1
7228, 2
7229, 2
7230, 1
7231, 1
7232, 1
7233, 1
7234, 1
7235, 1
7236, 1
7237, 1
7238, 1
7239, 1
7240, 1
7241, 1
7242, 1
7243, 1
7244, 1
7245, 1
7246, 1
7247, 1
7248, 1
7249, 1
7250, 1
7251, 3
7252, 1
7253, 4
7254, 1
7255, 2
7256, 5
7257, 6
7258, 2
7259, 1
7260, 1
7261, 1
7262, 2
7263, 1
7264, 4
7265, 2
7266, 3
7267, 1
7268, 2
7269, 1
7270, 1
7271, 1
7272, 1
7273, 1
7274, 1
7275, 1
7276, 2
7277, 1
7278, 1
7279, 2
7280, 2
7281, 2
7282, 4
7283, 2
7284, 1
7285, 9
7286, 1
7287, 1
7288, 3
7289, 1
7290, 1
7291, 6
7292, 1
7293, 2
7294, 1
7295, 1
7296, 2
7297, 1
7298, 4
7299, 1
7300, 1
7301, 1
7302, 1
7303, 1
7304, 2
7305, 1
7306, 2
7307, 1
7308, 1
7309, 1
7310, 1
7311, 2
7312, 1
7313, 3
7314, 1
7315, 1
7316, 1
7317, 2
7318, 1
7319, 1
7320, 3
7321, 1
7322, 1
7323, 2
7324, 1
7325, 1
7326, 6
7327, 1
7328, 3
7329, 2
7330, 2
7331, 3
7332, 1
7333, 1
7334, 1
7335, 1
7336, 3
7337, 1
7338, 1
7339, 1
7340, 2
7341, 636
7342, 1
7343, 1
7344, 1
7345, 1
7346, 4
7347, 1
7348, 1
7349, 2
7350, 1
7351, 4
7352, 2
7353, 4
7354, 4
7355, 5
7356, 1
7357, 1
7358, 1
7359, 1
7360, 2
7361, 1
7362, 1
7363, 5
7364, 3
7365, 1
7366, 2
7367, 5
7368, 1
7369, 1
7370, 2
7371, 1
7372, 3
7373, 1
7374, 3
7375, 1
7376, 2
7377, 1
7378, 1
7379, 1
7380, 2
7381, 1
7382, 2
7383, 2
7384, 1
7385, 1
7386, 1
7387, 1
7388, 1
7389, 1
7390, 1
7391, 1
7392, 1
7393, 1
7394, 1
7395, 1
7396, 2
7397, 2
7398, 1
7399, 2
7400, 1
7401, 3
7402, 2
7403, 2
7404, 3
7405, 2
7406, 1
7407, 1
7408, 1
7409, 1
7410, 1
7411, 1
7412, 2
7413, 1
7414, 1
7415, 1
7416, 1
7417, 1
7418, 3
7419, 1
7420, 1
7421, 1
7422, 1
7423, 1
7424, 1
7425, 1
7426, 1
7427, 1
7428, 2
7429, 2
7430, 4
7431, 1
7432, 1
7433, 2
7434, 1
7435, 2
7436, 2
7437, 2
7438, 1
7439, 1
7440, 1
7441, 3
7442, 1
7443, 2
7444, 1
7445, 1
7446, 1
7447, 1
7448, 1
7449, 1
7450, 1
7451, 1
7452, 1
7453, 2
7454, 1
7455, 1
7456, 1
7457, 1
7458, 1
7459, 3
7460, 2
7461, 1
7462, 1
7463, 4
7464, 3
7465, 1
7466, 1
7467, 1
7468, 1
7469, 1
7470, 1
7471, 3
7472, 1
7473, 1
7474, 2
7475, 2
7476, 2
7477, 1
7478, 1
7479, 1
7480, 2
7481, 1
7482, 1
7483, 1
7484, 1
7485, 1
7486, 2
7487, 1
7488, 1
7489, 1
7490, 1
7491, 2
7492, 1
7493, 1
7494, 1
7495, 2
7496, 2
7497, 1
7498, 3
7499, 4
7500, 1
7501, 1
7502, 2
7503, 1
7504, 1
7505, 1
7506, 4
7507, 1
7508, 1
7509, 1
7510, 1
7511, 1
7512, 1
7513, 1
7514, 1
7515, 1
7516, 1
7517, 1
7518, 1
7519, 4
7520, 2
7521, 1
7522, 1
7523, 1
7524, 1
7525, 2
7526, 1
7527, 1
7528, 2
7529, 1
7530, 1
7531, 2
7532, 3
7533, 4
7534, 2
7535, 1
7536, 3
7537, 1
7538, 1
7539, 1
7540, 1
7541, 2
7542, 1
7543, 1
7544, 1
7545, 1
7546, 1
7547, 1
7548, 1
7549, 1
7550, 1
7551, 1
7552, 2
7553, 2
7554, 1
7555, 3
7556, 2
7557, 1
7558, 1
7559, 1
7560, 2
7561, 2
7562, 1
7563, 1
7564, 1
7565, 1
7566, 1
7567, 1
7568, 1
7569, 2
7570, 1
7571, 1
7572, 1
7573, 1
7574, 1
7575, 2
7576, 1
7577, 1
7578, 2
7579, 2
7580, 1
7581, 1
7582, 1
7583, 2
7584, 1
7585, 1
7586, 1
7587, 1
7588, 1
7589, 1
7590, 1
7591, 1
7592, 1
7593, 1
7594, 1
7595, 2
7596, 1
7597, 1
7598, 2
7599, 2
7600, 2
7601, 1
7602, 2
7603, 1
7604, 1
7605, 1
7606, 2
7607, 1
7608, 3
7609, 1
7610, 1
7611, 1
7612, 1
7613, 1
7614, 1
7615, 1
7616, 2
7617, 3
7618, 1
7619, 1
7620, 1
7621, 1
7622, 1
7623, 1
7624, 2
7625, 1
7626, 1
7627, 1
7628, 1
7629, 1
7630, 1
7631, 1
7632, 1
7633, 1
7634, 3
7635, 1
7636, 1
7637, 1
7638, 1
7639, 1
7640, 1
7641, 1
7642, 1
7643, 5
7644, 2
7645, 2
7646, 1
7647, 1
7648, 1
7649, 1
7650, 1
7651, 1
7652, 1
7653, 1
7654, 1
7655, 1
7656, 1
7657, 1
7658, 1
7659, 3
7660, 1
7661, 1
7662, 1
7663, 1
7664, 1
7665, 1
7666, 2
7667, 1
7668, 1
7669, 1
7670, 1
7671, 1
7672, 1
7673, 3
7674, 1
7675, 1
7676, 1
7677, 2
7678, 1
7679, 1
7680, 1
7681, 1
7682, 1
7683, 1
7684, 1
7685, 2
7686, 3
7687, 1
7688, 2
7689, 1
7690, 1
7691, 1
7692, 1
7693, 3
7694, 1
7695, 2
7696, 2
7697, 2
7698, 4
7699, 4
7700, 1
7701, 1
7702, 1
7703, 1
7704, 1
7705, 1
7706, 1
7707, 2
7708, 1
7709, 1
7710, 1
7711, 1
7712, 1
7713, 1
7714, 2
7715, 5
7716, 4
7717, 1
7718, 1
7719, 1
7720, 1
7721, 1
7722, 3
7723, 1
7724, 1
7725, 3
7726, 1
7727, 5
7728, 1
7729, 1
7730, 2
7731, 1
7732, 1
7733, 1
7734, 2
7735, 2
7736, 1
7737, 3
7738, 2
7739, 2
7740, 1
7741, 1
7742, 1
7743, 1
7744, 1
7745, 1
7746, 1
7747, 1
7748, 1
7749, 1
7750, 1
7751, 1
7752, 3
7753, 1
7754, 1
7755, 1
7756, 1
7757, 1
7758, 1
7759, 1
7760, 1
7761, 1
7762, 1
7763, 2
7764, 1
7765, 2
7766, 2
7767, 2
7768, 3
7769, 1
7770, 1
7771, 1
7772, 1
7773, 1
7774, 2
7775, 1
7776, 1
7777, 1
7778, 1
7779, 1
7780, 1
7781, 4
7782, 1
7783, 1
7784, 1
7785, 1
7786, 3
7787, 1
7788, 1
7789, 1
7790, 1
7791, 2
7792, 1
7793, 1
7794, 1
7795, 1
7796, 1
7797, 2
7798, 1
7799, 1
7800, 1
7801, 2
7802, 1
7803, 1
7804, 1
7805, 1
7806, 1
7807, 1
7808, 1
7809, 1
7810, 1
7811, 1
7812, 1
7813, 1
7814, 1
7815, 1
7816, 1
7817, 1
7818, 1
7819, 1
7820, 1
7821, 1
7822, 2
7823, 2
7824, 2
7825, 1
7826, 1
7827, 1
7828, 1
7829, 1
7830, 1
7831, 1
7832, 1
7833, 1
7834, 2
7835, 3
7836, 1
7837, 1
7838, 2
7839, 1
7840, 1
7841, 1
7842, 1
7843, 1
7844, 1
7845, 1
7846, 2
7847, 1
7848, 1
7849, 1
7850, 2
7851, 1
7852, 1
7853, 1
7854, 1
7855, 1
7856, 4
7857, 4
7858, 1
7859, 1
7860, 2
7861, 1
7862, 1
7863, 1
7864, 1
7865, 1
7866, 1
7867, 2
7868, 3
7869, 1
7870, 2
7871, 1
7872, 1
7873, 1
7874, 1
7875, 2
7876, 2
7877, 2
7878, 1
7879, 1
7880, 1
7881, 1
7882, 2
7883, 1
7884, 1
7885, 1
7886, 1
7887, 1
7888, 1
7889, 2
7890, 1
7891, 1
7892, 1
7893, 1
7894, 1
7895, 1
7896, 1
7897, 1
7898, 1
7899, 1
7900, 2
7901, 1
7902, 1
7903, 1
7904, 3
7905, 1
7906, 3
7907, 1
7908, 2
7909, 2
7910, 3
7911, 1
7912, 1
7913, 2
7914, 1
7915, 1
7916, 4
7917, 1
7918, 1
7919, 1
7920, 1
7921, 1
7922, 1
7923, 1
7924, 1
7925, 1
7926, 1
7927, 1
7928, 2
7929, 1
7930, 2
7931, 2
7932, 1
7933, 3
7934, 1
7935, 1
7936, 1
7937, 1
7938, 1
7939, 1
7940, 1
7941, 1
7942, 1
7943, 1
7944, 1
7945, 2
7946, 1
7947, 1
7948, 1
7949, 1
7950, 2
7951, 1
7952, 2
7953, 2
7954, 1
7955, 1
7956, 2
7957, 1
7958, 1
7959, 1
7960, 1
7961, 1
7962, 2
7963, 1
7964, 1
7965, 1
7966, 1
7967, 1
7968, 1
7969, 1
7970, 1
7971, 1
7972, 1
7973, 1
7974, 1
7975, 1
7976, 1
7977, 2
7978, 1
7979, 1
7980, 1
7981, 1
7982, 1
7983, 2
7984, 1
7985, 1
7986, 1
7987, 1
7988, 1
7989, 1
7990, 1
7991, 1
7992, 1
7993, 1
7994, 1
7995, 1
7996, 2
7997, 1
7998, 1
7999, 1
8000, 2
8001, 1
8002, 2
8003, 1
8004, 1
8005, 1
8006, 2
8007, 1
8008, 1
8009, 2
8010, 2
8011, 1
8012, 1
8013, 1
8014, 1
8015, 1
8016, 1
8017, 1
8018, 1
8019, 1
8020, 1
8021, 1
8022, 1
8023, 1
8024, 1
8025, 1
8026, 1
8027, 1
8028, 1
8029, 1
8030, 1
8031, 1
8032, 2
8033, 1
8034, 1
8035, 1
8036, 1
8037, 1
8038, 1
8039, 1
8040, 1
8041, 1
8042, 3
8043, 1
8044, 2
8045, 1
8046, 1
8047, 1
8048, 1
8049, 1
8050, 1
8051, 1
8052, 3
8053, 1
8054, 2
8055, 1
8056, 1
8057, 1
8058, 1
8059, 1
8060, 1
8061, 1
8062, 1
8063, 1
8064, 1
8065, 1
8066, 1
8067, 1
8068, 3
8069, 1
8070, 1
8071, 1
8072, 1
8073, 1
8074, 1
8075, 1
8076, 1
8077, 1
8078, 1
8079, 2
8080, 1
8081, 1
8082, 1
8083, 1
8084, 1
8085, 1
8086, 1
8087, 2
8088, 1
8089, 1
8090, 1
8091, 1
8092, 1
8093, 2
8094, 1
8095, 1
8096, 3
8097, 1
8098, 1
8099, 1
8100, 1
8101, 1
8102, 1
8103, 1
8104, 2
8105, 1
8106, 1
8107, 1
8108, 1
8109, 3
8110, 1
8111, 1
8112, 1
8113, 1
8114, 1
8115, 1
8116, 2
8117, 1
8118, 1
8119, 2
8120, 2
8121, 1
8122, 1
8123, 1
8124, 1
8125, 1
8126, 2
8127, 1
8128, 1
8129, 1
8130, 1
8131, 1
8132, 1
8133, 1
8134, 4
8135, 1
8136, 2
8137, 1
8138, 1
8139, 1
8140, 2
8141, 1
8142, 1
8143, 1
8144, 1
8145, 1
8146, 1
8147, 1
8148, 1
8149, 1
8150, 1
8151, 1
8152, 1
8153, 1
8154, 1
8155, 1
8156, 1
8157, 1
8158, 1
8159, 1
8160, 1
8161, 1
8162, 1
8163, 1
8164, 2
8165, 1
8166, 1
8167, 1
8168, 1
8169, 1
8170, 1
8171, 3
8172, 1
8173, 1
8174, 1
8175, 1
8176, 2
8177, 1
8178, 1
8179, 1
8180, 1
8181, 1
8182, 1
8183, 1
8184, 1
8185, 1
8186, 1
8187, 1
8188, 1
8189, 1
8190, 1
8191, 1
8192, 1
8193, 1
8194, 1
8195, 1
8196, 1
8197, 1
8198, 1
8199, 1
8200, 1
8201, 1
8202, 1
8203, 1
8204, 1
8205, 1
8206, 1
8207, 1
8208, 3
8209, 1
8210, 2
8211, 1
8212, 1
8213, 1
8214, 1
8215, 1
8216, 1
8217, 1
8218, 1
8219, 2
8220, 1
8221, 1
8222, 1
8223, 2
8224, 1
8225, 1
8226, 1
8227, 1
8228, 1
8229, 1
8230, 1
8231, 1
8232, 1
8233, 1
8234, 1
8235, 1
8236, 1
8237, 1
8238, 1
8239, 2
8240, 1
8241, 1
8242, 6
8243, 2
8244, 1
8245, 2
8246, 1
8247, 1
8248, 2
8249, 2
8250, 1
8251, 1
8252, 1
8253, 1
8254, 1
8255, 1
8256, 1
8257, 1
8258, 1
8259, 1
8260, 1
8261, 1
8262, 1
8263, 1
8264, 1
8265, 1
8266, 1
8267, 1
8268, 1
8269, 1
8270, 1
8271, 1
8272, 1
8273, 1
8274, 1
8275, 1
8276, 1
8277, 2
8278, 1
8279, 1
8280, 1
8281, 1
8282, 1
8283, 1
8284, 1
8285, 1
8286, 1
8287, 1
8288, 1
8289, 1
8290, 1
8291, 1
8292, 1
8293, 1
8294, 1
8295, 1
8296, 1
8297, 1
8298, 1
8299, 1
8300, 1
8301, 1
8302, 1
8303, 1
8304, 1
8305, 1
8306, 1
8307, 1
8308, 1
8309, 1
8310, 1
8311, 1
8312, 1
8313, 1
8314, 1
8315, 1
8316, 1
8317, 1
8318, 1
8319, 1
8320, 1
8321, 1
8322, 1
8323, 1
8324, 1
8325, 1
8326, 1
8327, 1
8328, 1
8329, 1
8330, 2
8331, 1
8332, 1
8333, 1
8334, 1
8335, 1
8336, 1
8337, 1
8338, 1
8339, 1
8340, 1
8341, 1
8342, 1
8343, 1
8344, 1
8345, 1
8346, 1
8347, 1
8348, 1
8349, 1
8350, 1
8351, 1
8352, 1
8353, 1
8354, 1
8355, 1
8356, 1
8357, 1
8358, 1
8359, 1
8360, 2
8361, 1
8362, 1
8363, 1
8364, 1
8365, 1
8366, 1
8367, 1
8368, 1
8369, 2
8370, 1
8371, 1
8372, 1
8373, 1
8374, 2
8375, 1
8376, 1
8377, 1
8378, 1
8379, 1
8380, 1
8381, 1
8382, 1
8383, 1
8384, 1
8385, 1
8386, 1
8387, 1
8388, 2
8389, 1
8390, 1
8391, 1
