ifdg_GPSDateStamp ,Count
, 1308735
........:....:...., 1
0000:00:00, 773
0000:01:01, 1006
0111:00:12, 1
0111:00:22, 1
0111:00:23, 2
0111:01:02, 2
0111:01:12, 2
0111:01:13, 2
0111:01:15, 1
0111:01:26, 1
0111:05:08, 1
0111:05:18, 3
0111:05:19, 2
0111:05:20, 3
0111:06:02, 1
0111:06:04, 4
0111:06:06, 1
0111:06:08, 7
0111:06:12, 4
0111:06:14, 6
0111:06:22, 2
0111:06:31, 3
0111:07:06, 1
0111:07:09, 1
0111:07:17, 1
0111:07:20, 1
0111:07:21, 1
0111:08:13, 5
0111:08:14, 5
0111:08:15, 7
0111:08:16, 3
0111:08:17, 2
0111:08:23, 4
0111:09:06, 8
0111:09:18, 1
0111:11:01, 5
0112:00:09, 1
0112:00:24, 7
0112:00:26, 2
0112:01:03, 1
0112:01:04, 1
0112:01:09, 1
0112:01:10, 1
0112:01:11, 3
0112:01:12, 1
0112:01:17, 1
0112:01:18, 4
0112:01:26, 1
0112:01:28, 1
0112:02:11, 1
0112:02:17, 2
0112:02:31, 2
0112:03:01, 2
0112:03:03, 3
0112:03:27, 1
0112:05:07, 15
0112:05:09, 1
0112:05:20, 2
0112:06:06, 1
0112:06:25, 1
0112:07:31, 1
0113:03:01, 1
0113:05:02, 42
0113:05:03, 15
0113:05:04, 23
0113:05:05, 38
0113:05:06, 22
0113:05:07, 29
0113:05:08, 6
0113:05:10, 1
0113:05:11, 14
0113:05:12, 13
0113:05:13, 7
0113:05:14, 13
0113:05:15, 79
0113:05:16, 6
0113:05:17, 11
0113:05:18, 34
0113:05:19, 38
0113:05:20, 25
0113:05:21, 31
0113:05:22, 13
0113:05:23, 7
0113:05:24, 1
0113:05:25, 46
0113:05:26, 6
0113:05:27, 63
0113:05:29, 130
0113:05:30, 10
0113:06:01, 30
0113:06:02, 20
0113:06:03, 18
0113:06:04, 10
0113:06:05, 41
0113:06:06, 13
0113:06:07, 2
0113:06:08, 5
0113:06:09, 12
0113:06:10, 4
0113:06:11, 11
0113:06:12, 6
0113:06:15, 9
0113:06:16, 6
0113:06:17, 9
0113:06:18, 11
0113:06:19, 21
0113:06:20, 5
0113:06:21, 5
0113:06:22, 1
0113:06:23, 1
0113:06:24, 5
0113:06:25, 1
0113:06:26, 1
0113:06:29, 17
0113:06:30, 4
0113:06:31, 16
0113:07:01, 25
0113:07:02, 16
0113:07:03, 17
0113:07:04, 10
0113:07:05, 14
0113:07:06, 7
0113:07:07, 12
0113:07:08, 13
0113:07:09, 16
0113:07:10, 4
0113:07:11, 14
0113:07:12, 7
0113:07:13, 9
0113:07:14, 17
0113:07:15, 14
0113:07:16, 80
0113:07:17, 10
0113:07:18, 17
0113:07:19, 60
0113:07:20, 10
0113:07:21, 2
0113:07:22, 2
0113:07:23, 3
0113:07:24, 34
0113:07:25, 87
0113:07:26, 66
0113:07:27, 10
0113:07:28, 19
0113:07:29, 9
0113:07:30, 31
0113:07:31, 71
0113:08:01, 58
0113:08:02, 11
0113:08:03, 22
0113:08:04, 31
0113:08:05, 61
0113:08:06, 29
0113:08:07, 16
0113:08:08, 95
0113:08:09, 40
0113:08:10, 20
0113:08:11, 60
0113:08:12, 35
0:00:00,T., 1
1907:04:26, 1
1908:03:10, 1
1910:03:01, 1
1910:06:08, 2
1911:03:18, 1
1911:11:16, 1
1912:02:22, 1
1913:02:20, 1
1917:01:28, 2
1920:02:13, 1
1923:03:03, 1
1927:01:07, 1
1932:06:02, 1
1935:10:18, 1
1936:04:28, 1
1936:11:21, 1
1939:09:29, 1
1940:11:30, 1
1943:09:04, 1
1944:10:23, 1
1945:11:14, 1
1946:09:07, 2
1948:11:28, 1
1949:07:15, 1
1950:05:02, 1
1952:03:18, 1
1952:10:04, 1
1954:10:12, 1
1955:08:29, 2
1955:10:16, 1
1955:12:11, 1
1955:12:20, 1
1956:02:13, 1
1956:04:21, 1
1957:05:05, 1
1957:05:20, 1
1957:12:03, 1
1958:06:16, 1
1958:06:29, 1
1958:07:06, 1
1960:06:08, 1
1962:08:05, 1
1963:04:09, 1
1963:11:03, 1
1965:08:07, 1
1966:11:03, 1
1970:01:08, 7
1970:01:09, 18
1970:01:19, 53
1970:01:20, 18
1970:06:17, 1
1971:05:19, 1
1971:06:07, 1
1971:09:02, 1
1971:09:26, 1
1971:10:14, 1
1973:05:15, 1
1974:06:02, 1
1975:02:09, 2
1975:04:12, 1
1976:07:09, 1
1980:01:05, 20
1980:01:06, 92
1980:01:07, 1
1980:01:08, 4
1980:01:10, 3
1980:02:29, 1
1980:03:24, 1
1985:11:21, 1
1985:12:10, 1
1987:07:06, 2
1987:08:19, 1
1987:11:08, 1
1990:05:18, 1
1990:09:25, 1
1991:03:09, 2
1991:03:20, 1
1994:03:23, 1
1997:09:26, 1
1998:02:04, 1
1998:06:19, 1
1999:06:17, 1
1999:06:25, 1
2000:00:00, 1
2000:09:16, 1
2001:03:08, 1
2001:07:29, 1
2002:12:08, 52
2003:01:25, 1
2004:07:27, 1
2004:09:07, 1
2004:09:26, 1
2004:11:03, 1
2004:12:30, 2
2005:03:16, 2
2005:04:23, 1
2005:09:13, 3
2006:03:17, 1
2006:12:26, 1
2006:12:27, 3
2007:05:30, 110
2007:05:31, 10
2007:06:01, 15
2007:07:05, 1
2007:07:07, 2
2007:07:17, 1
2007:07:23, 2
2007:07:24, 7
2007:08:01, 5
2007:08:17, 37
2007:08:18, 5
2007:08:19, 64
2007:08:20, 7
2007:09:15, 1
2007:09:22, 1
2007:10:29, 1
2007:11:03, 1
2007:11:10, 3
2007:11:30, 2
2007:12:01, 3
2007:12:07, 7
2007:12:08, 3
2007:12:09, 1
2007:12:31, 1
2007:4:15., 6
2007:4:16., 4
2007:4:17., 3
2007:4:26., 1
2007:5:27., 8
2007:5:6., 6
2007:6:2., 9
2007:6:7., 5
2008:01:26, 3
2008:02:02, 1
2008:02:18, 1
2008:02:21, 1
2008:02:24, 1
2008:03:01, 2
2008:03:02, 3
2008:03:03, 1
2008:03:07, 3
2008:03:08, 2
2008:03:15, 13
2008:03:16, 11
2008:03:17, 3
2008:03:18, 11
2008:03:19, 8
2008:03:20, 13
2008:03:21, 6
2008:03:22, 2
2008:03:24, 1
2008:03:29, 4
2008:03:30, 2
2008:03:31, 1
2008:04:20, 2
2008:04:24, 2
2008:04:26, 1
2008:04:27, 2
2008:05:02, 16
2008:05:03, 3
2008:05:04, 1
2008:05:17, 4
2008:05:25, 17
2008:05:27, 3
2008:06:01, 2
2008:06:10, 2
2008:06:12, 2
2008:06:13, 1
2008:06:19, 1
2008:06:21, 4
2008:06:24, 1
2008:06:29, 2
2008:06:30, 1
2008:07:02, 8
2008:07:04, 1
2008:07:10, 1
2008:07:11, 4
2008:07:12, 1
2008:07:13, 2
2008:07:14, 2
2008:07:18, 3
2008:07:20, 5
2008:07:23, 1
2008:07:25, 2
2008:07:26, 6
2008:07:27, 1
2008:07:30, 1
2008:08:02, 2
2008:08:03, 2
2008:08:08, 2
2008:08:09, 2
2008:08:10, 1
2008:08:11, 1
2008:08:12, 1
2008:08:13, 2
2008:08:16, 2
2008:08:17, 2
2008:08:18, 3
2008:08:21, 1
2008:08:23, 1
2008:08:24, 6
2008:08:30, 1
2008:08:31, 1
2008:09:06, 1
2008:09:09, 1
2008:09:10, 1
2008:09:13, 1
2008:09:14, 3
2008:09:15, 48
2008:09:16, 38
2008:09:17, 29
2008:09:18, 35
2008:09:19, 1
2008:09:20, 1
2008:09:23, 3
2008:09:24, 3
2008:09:27, 2
2008:10:04, 2
2008:10:05, 1
2008:10:07, 1
2008:10:08, 2
2008:10:09, 1
2008:10:10, 2
2008:10:11, 1
2008:10:12, 2
2008:10:13, 1
2008:10:17, 5
2008:10:18, 1
2008:10:19, 1
2008:10:25, 3
2008:10:27, 1
2008:10:29, 1
2008:10:31, 1
2008:11:01, 2
2008:11:07, 2
2008:11:08, 3
2008:11:09, 2
2008:11:13, 1
2008:11:19, 1
2008:11:23, 1
2008:11:25, 1
2008:11:26, 1
2008:11:27, 1
2008:11:30, 1
2008:12:03, 1
2008:12:06, 11
2008:12:07, 2
2008:12:08, 1
2008:12:09, 12
2008:12:10, 4
2008:12:13, 1
2008:12:15, 1
2008:12:16, 9
2008:12:17, 1
2008:12:23, 2
2008:12:25, 1
2008:12:26, 1
2008:12:27, 1
2008:12:30, 2
2009/1, 1/1, 22/1, 5
2009/1, 1/1, 26/1, 7
2009/1, 2/1, 17/1, 2
2009/1, 2/1, 22/1, 4
2009/1, 2/1, 3/1, 3
2009/1, 3/1, 2/1, 11
2009/1, 3/1, 4/1, 27
2009/1, 3/1, 5/1, 21
2009/1, 6/1, 29/1, 27
2009/1, 6/1, 30/1, 28
2009/1, 7/1, 13/1, 21
2009/1, 7/1, 15/1, 4
2009/1, 7/1, 5/1, 20
2009:01:01, 1
2009:01:03, 11
2009:01:05, 2
2009:01:08, 1
2009:01:09, 1
2009:01:10, 1
2009:01:14, 1
2009:01:15, 1
2009:01:16, 2
2009:01:17, 1
2009:01:18, 2
2009:01:21, 3
2009:01:22, 2
2009:01:25, 6
2009:01:26, 1
2009:01:27, 3
2009:01:28, 1
2009:01:29, 1
2009:01:30, 1
2009:01:31, 1
2009:02:01, 1
2009:02:02, 2
2009:02:03, 1
2009:02:06, 1
2009:02:07, 3
2009:02:08, 2
2009:02:09, 2
2009:02:10, 1
2009:02:11, 2
2009:02:14, 2
2009:02:15, 1
2009:02:17, 1
2009:02:18, 1
2009:02:19, 2
2009:02:21, 1
2009:02:22, 2
2009:02:23, 1
2009:02:24, 4
2009:02:25, 1
2009:02:26, 1
2009:02:28, 1
2009:03:01, 3
2009:03:02, 2
2009:03:03, 1
2009:03:04, 1
2009:03:05, 2
2009:03:06, 2
2009:03:07, 41
2009:03:08, 2
2009:03:09, 1
2009:03:10, 4
2009:03:11, 3
2009:03:12, 1
2009:03:13, 4
2009:03:14, 2
2009:03:15, 9
2009:03:16, 1
2009:03:17, 2
2009:03:18, 1
2009:03:19, 2
2009:03:20, 1
2009:03:21, 1
2009:03:27, 1
2009:03:29, 2
2009:03:30, 1
2009:03:31, 1
2009:04:01, 1
2009:04:02, 3
2009:04:03, 2
2009:04:04, 3
2009:04:05, 4
2009:04:06, 1
2009:04:07, 2
2009:04:08, 2
2009:04:09, 1
2009:04:10, 2
2009:04:11, 4
2009:04:12, 3
2009:04:14, 2
2009:04:15, 1
2009:04:16, 2
2009:04:17, 1
2009:04:18, 5
2009:04:19, 1
2009:04:20, 2
2009:04:22, 2
2009:04:23, 2
2009:04:24, 1
2009:04:25, 4
2009:04:26, 2
2009:04:27, 2
2009:04:28, 2
2009:04:29, 2
2009:04:30, 2
2009:05:01, 1
2009:05:02, 15
2009:05:04, 2
2009:05:05, 1
2009:05:06, 1
2009:05:07, 2
2009:05:08, 2
2009:05:09, 38
2009:05:10, 16
2009:05:11, 1
2009:05:12, 2
2009:05:13, 2
2009:05:14, 2
2009:05:15, 1
2009:05:16, 3
2009:05:17, 4
2009:05:18, 2
2009:05:19, 1
2009:05:20, 1
2009:05:21, 1
2009:05:22, 28
2009:05:23, 2
2009:05:24, 2
2009:05:25, 1
2009:05:26, 3
2009:05:27, 2
2009:05:28, 1
2009:05:29, 1
2009:05:30, 14
2009:05:31, 7
2009:06:02, 4
2009:06:03, 1
2009:06:04, 7
2009:06:05, 5
2009:06:07, 10
2009:06:09, 5
2009:06:10, 3
2009:06:11, 4
2009:06:12, 10
2009:06:13, 5
2009:06:14, 5
2009:06:15, 6
2009:06:16, 4
2009:06:17, 2
2009:06:18, 5
2009:06:19, 1
2009:06:20, 3
2009:06:21, 3
2009:06:22, 2
2009:06:23, 3
2009:06:24, 3
2009:06:25, 5
2009:06:26, 2
2009:06:27, 1
2009:06:28, 2
2009:06:29, 1
2009:06:30, 7
2009:07:01, 2
2009:07:03, 1
2009:07:04, 7
2009:07:05, 1
2009:07:06, 2
2009:07:07, 1
2009:07:08, 2
2009:07:09, 1
2009:07:10, 1
2009:07:11, 1
2009:07:12, 2
2009:07:16, 3
2009:07:17, 2
2009:07:18, 4
2009:07:21, 1
2009:07:23, 1
2009:07:24, 1
2009:07:25, 5
2009:07:27, 3
2009:07:28, 7
2009:07:29, 3
2009:07:30, 1
2009:07:31, 3
2009:08:01, 5
2009:08:02, 4
2009:08:03, 2
2009:08:04, 1
2009:08:06, 3
2009:08:07, 2
2009:08:08, 2
2009:08:09, 1
2009:08:10, 1
2009:08:11, 2
2009:08:12, 1
2009:08:13, 2
2009:08:14, 4
2009:08:15, 6
2009:08:16, 5
2009:08:17, 5
2009:08:18, 2
2009:08:19, 1
2009:08:20, 2
2009:08:21, 1
2009:08:22, 4
2009:08:23, 2
2009:08:24, 2
2009:08:25, 3
2009:08:26, 1
2009:08:28, 7
2009:08:29, 1
2009:08:30, 3
2009:08:31, 9
2009:09:01, 8
2009:09:02, 27
2009:09:04, 1
2009:09:05, 1
2009:09:06, 1
2009:09:09, 7
2009:09:12, 2
2009:09:15, 2
2009:09:16, 1
2009:09:22, 1
2009:09:25, 1
2009:09:27, 1
2009:09:29, 1
2009:09:30, 2
2009:10:01, 2
2009:10:02, 1
2009:10:04, 1
2009:10:07, 1
2009:10:08, 1
2009:10:10, 1
2009:10:11, 1
2009:10:15, 1
2009:10:16, 3
2009:10:17, 7
2009:10:18, 5
2009:10:23, 3
2009:10:24, 1
2009:10:25, 3
2009:10:27, 4
2009:10:28, 1
2009:10:29, 1
2009:10:30, 8
2009:10:31, 10
2009:11:01, 1
2009:11:03, 1
2009:11:05, 10
2009:11:06, 2
2009:11:07, 2
2009:11:08, 2
2009:11:09, 3
2009:11:12, 1
2009:11:14, 30
2009:11:15, 2
2009:11:16, 1
2009:11:19, 1
2009:11:20, 2
2009:11:21, 1
2009:11:22, 4
2009:11:27, 1
2009:11:28, 17
2009:12:01, 1
2009:12:11, 2
2009:12:12, 1
2009:12:13, 1
2009:12:16, 1
2009:12:17, 5
2009:12:18, 1
2009:12:20, 1
2009:12:21, 1
2009:12:24, 9
2009:12:25, 1
2009:12:26, 54
2009:12:29, 1
2009:12:31, 5
2010:01:01, 1
2010:01:04, 7
2010:01:06, 13
2010:01:07, 40
2010:01:08, 35
2010:01:09, 5
2010:01:10, 1
2010:01:11, 2
2010:01:12, 1
2010:01:14, 1
2010:01:16, 1
2010:01:20, 1
2010:01:22, 1
2010:01:23, 45
2010:01:24, 1
2010:01:29, 1
2010:01:30, 1
2010:01:31, 1
2010:02:01, 1
2010:02:02, 1
2010:02:03, 1
2010:02:05, 1
2010:02:06, 1
2010:02:07, 3
2010:02:09, 2
2010:02:12, 3
2010:02:13, 1
2010:02:14, 5
2010:02:15, 1
2010:02:17, 2
2010:02:18, 3
2010:02:19, 4
2010:02:20, 1
2010:02:21, 43
2010:02:23, 1
2010:02:25, 1
2010:02:27, 3
2010:03:02, 1
2010:03:04, 8
2010:03:05, 2
2010:03:06, 2
2010:03:07, 9
2010:03:09, 3
2010:03:10, 2
2010:03:11, 2
2010:03:12, 5
2010:03:13, 9
2010:03:14, 9
2010:03:15, 3
2010:03:16, 4
2010:03:17, 6
2010:03:18, 3
2010:03:19, 26
2010:03:20, 20
2010:03:21, 16
2010:03:22, 1
2010:03:23, 1
2010:03:24, 9
2010:03:26, 2
2010:03:27, 3
2010:03:28, 1
2010:03:29, 6
2010:03:31, 8
2010:04:01, 1
2010:04:02, 11
2010:04:03, 4
2010:04:04, 13
2010:04:05, 5
2010:04:06, 6
2010:04:07, 14
2010:04:08, 5
2010:04:09, 34
2010:04:10, 5
2010:04:11, 5
2010:04:12, 2
2010:04:13, 5
2010:04:14, 5
2010:04:15, 15
2010:04:16, 6
2010:04:17, 4
2010:04:18, 9
2010:04:20, 4
2010:04:21, 2
2010:04:22, 6
2010:04:23, 5
2010:04:24, 5
2010:04:25, 12
2010:04:26, 2
2010:04:27, 5
2010:04:28, 2
2010:04:29, 2
2010:04:30, 3
2010:05:01, 35
2010:05:02, 1
2010:05:03, 1
2010:05:04, 1
2010:05:05, 1
2010:05:06, 16
2010:05:08, 4
2010:05:09, 19
2010:05:10, 1
2010:05:12, 14
2010:05:13, 1
2010:05:14, 8
2010:05:15, 20
2010:05:16, 3
2010:05:17, 10
2010:05:18, 1
2010:05:19, 4
2010:05:21, 2
2010:05:22, 1
2010:05:23, 7
2010:05:24, 1
2010:05:25, 3
2010:05:26, 12
2010:05:27, 47
2010:05:28, 128
2010:05:29, 84
2010:05:30, 17
2010:05:31, 4
2010:06:01, 3
2010:06:02, 13
2010:06:03, 3
2010:06:04, 6
2010:06:05, 9
2010:06:06, 2
2010:06:07, 5
2010:06:08, 3
2010:06:10, 2
2010:06:11, 2
2010:06:12, 31
2010:06:13, 2
2010:06:14, 33
2010:06:15, 2
2010:06:16, 5
2010:06:17, 1
2010:06:18, 3
2010:06:19, 4
2010:06:20, 6
2010:06:22, 3
2010:06:23, 9
2010:06:24, 5
2010:06:25, 2
2010:06:26, 28
2010:06:27, 25
2010:06:28, 3
2010:06:30, 5
2010:07:01, 18
2010:07:02, 13
2010:07:03, 18
2010:07:04, 16
2010:07:05, 27
2010:07:06, 15
2010:07:07, 20
2010:07:08, 20
2010:07:09, 30
2010:07:10, 20
2010:07:11, 24
2010:07:12, 17
2010:07:13, 12
2010:07:14, 19
2010:07:15, 18
2010:07:16, 3
2010:07:17, 5
2010:07:18, 13
2010:07:19, 24
2010:07:20, 19
2010:07:21, 12
2010:07:22, 3
2010:07:23, 21
2010:07:24, 6
2010:07:25, 7
2010:07:26, 2
2010:07:27, 5
2010:07:28, 1
2010:07:29, 2
2010:07:30, 4
2010:07:31, 10
2010:08:01, 7
2010:08:03, 6
2010:08:04, 5
2010:08:05, 2
2010:08:06, 1
2010:08:07, 19
2010:08:08, 33
2010:08:09, 56
2010:08:10, 54
2010:08:11, 46
2010:08:12, 5
2010:08:13, 8
2010:08:14, 10
2010:08:15, 4
2010:08:16, 8
2010:08:17, 6
2010:08:18, 1
2010:08:19, 1
2010:08:20, 8
2010:08:21, 3
2010:08:22, 7
2010:08:23, 8
2010:08:24, 17
2010:08:25, 3
2010:08:26, 74
2010:08:27, 27
2010:08:28, 24
2010:08:29, 28
2010:08:30, 35
2010:08:31, 17
2010:09:01, 1
2010:09:02, 16
2010:09:03, 30
2010:09:04, 21
2010:09:05, 17
2010:09:06, 4
2010:09:07, 1
2010:09:08, 3
2010:09:09, 2
2010:09:10, 6
2010:09:11, 21
2010:09:12, 20
2010:09:13, 4
2010:09:14, 12
2010:09:15, 50
2010:09:16, 2
2010:09:17, 10
2010:09:18, 7
2010:09:19, 2
2010:09:20, 3
2010:09:21, 4
2010:09:24, 25
2010:09:25, 17
2010:09:26, 5
2010:09:27, 1
2010:09:28, 2
2010:09:29, 6
2010:09:30, 17
2010:10:01, 5
2010:10:02, 22
2010:10:03, 15
2010:10:04, 8
2010:10:05, 4
2010:10:06, 5
2010:10:07, 2
2010:10:08, 9
2010:10:09, 58
2010:10:10, 10
2010:10:11, 5
2010:10:12, 11
2010:10:13, 24
2010:10:14, 17
2010:10:15, 25
2010:10:16, 9
2010:10:17, 9
2010:10:18, 3
2010:10:21, 3
2010:10:22, 8
2010:10:23, 2
2010:10:24, 2
2010:10:25, 5
2010:10:26, 25
2010:10:27, 4
2010:10:28, 5
2010:10:29, 6
2010:10:30, 63
2010:10:31, 21
2010:11:01, 27
2010:11:02, 16
2010:11:03, 1
2010:11:04, 4
2010:11:05, 3
2010:11:06, 7
2010:11:07, 10
2010:11:08, 17
2010:11:09, 32
2010:11:10, 8
2010:11:11, 13
2010:11:12, 82
2010:11:13, 6
2010:11:14, 11
2010:11:15, 5
2010:11:16, 3
2010:11:17, 4
2010:11:18, 6
2010:11:19, 1
2010:11:20, 19
2010:11:21, 115
2010:11:22, 60
2010:11:23, 10
2010:11:24, 7
2010:11:25, 18
2010:11:26, 7
2010:11:27, 39
2010:11:28, 15
2010:11:29, 11
2010:11:30, 8
2010:12:01, 21
2010:12:02, 3
2010:12:03, 8
2010:12:04, 14
2010:12:05, 14
2010:12:06, 8
2010:12:07, 5
2010:12:08, 2
2010:12:09, 31
2010:12:10, 5
2010:12:11, 15
2010:12:12, 8
2010:12:13, 2
2010:12:14, 1
2010:12:15, 2
2010:12:16, 10
2010:12:17, 21
2010:12:18, 32
2010:12:19, 11
2010:12:20, 23
2010:12:21, 25
2010:12:22, 45
2010:12:23, 23
2010:12:24, 15
2010:12:25, 20
2010:12:26, 11
2010:12:27, 57
2010:12:28, 12
2010:12:29, 15
2010:12:30, 14
2010:12:31, 24
2011-03-07, 3
2011-03-08, 1
2011-03-22, 1
2011-04-22, 1
2011-04-23, 1
2011-12-25, 1
2011:01:01, 5
2011:01:01 0, 1
2011:01:02, 3
2011:01:03, 12
2011:01:04, 13
2011:01:05, 10
2011:01:06, 9
2011:01:07, 6
2011:01:08, 39
2011:01:09, 11
2011:01:10, 7
2011:01:11, 4
2011:01:12, 8
2011:01:13, 5
2011:01:14, 9
2011:01:15, 4
2011:01:16, 7
2011:01:17, 34
2011:01:18, 30
2011:01:19, 8
2011:01:20, 6
2011:01:21, 54
2011:01:22, 20
2011:01:23, 12
2011:01:24, 17
2011:01:25, 25
2011:01:26, 12
2011:01:27, 2
2011:01:28, 3
2011:01:29, 29
2011:01:30, 7
2011:01:31, 7
2011:02:01, 9
2011:02:02, 9
2011:02:03, 4
2011:02:04, 2
2011:02:05, 30
2011:02:06, 10
2011:02:07, 7
2011:02:08, 1
2011:02:09, 10
2011:02:10, 2
2011:02:11, 12
2011:02:12, 5
2011:02:13, 13
2011:02:14, 3
2011:02:15, 1
2011:02:16, 6
2011:02:17, 8
2011:02:18, 4
2011:02:19, 42
2011:02:20, 9
2011:02:21, 18
2011:02:22, 98
2011:02:23, 55
2011:02:24, 6
2011:02:25, 27
2011:02:26, 3
2011:02:27, 3
2011:02:28, 3
2011:02:31, 1
2011:03:01, 5
2011:03:02, 6
2011:03:03, 2
2011:03:04, 6
2011:03:05, 98
2011:03:06, 4
2011:03:07, 1
2011:03:08, 7
2011:03:09, 8
2011:03:10, 4
2011:03:11, 13
2011:03:12, 14
2011:03:13, 36
2011:03:14, 12
2011:03:15, 37
2011:03:16, 8
2011:03:17, 16
2011:03:18, 23
2011:03:19, 53
2011:03:20, 17
2011:03:21, 46
2011:03:22, 105
2011:03:23, 46
2011:03:24, 7
2011:03:25, 7
2011:03:26, 8
2011:03:27, 21
2011:03:28, 6
2011:03:29, 13
2011:03:30, 7
2011:03:31, 16
2011:04:01, 6
2011:04:02, 52
2011:04:03, 15
2011:04:04, 9
2011:04:05, 4
2011:04:06, 4
2011:04:07, 38
2011:04:08, 37
2011:04:09, 7
2011:04:10, 8
2011:04:11, 13
2011:04:12, 1
2011:04:13, 6
2011:04:14, 2
2011:04:15, 2
2011:04:16, 7
2011:04:17, 17
2011:04:18, 14
2011:04:19, 8
2011:04:20, 19
2011:04:21, 32
2011:04:22, 67
2011:04:23, 15
2011:04:24, 15
2011:04:25, 5
2011:04:26, 21
2011:04:27, 15
2011:04:28, 15
2011:04:29, 12
2011:04:30, 50
2011:05:01, 13
2011:05:02, 9
2011:05:03, 8
2011:05:04, 26
2011:05:05, 23
2011:05:06, 7
2011:05:07, 33
2011:05:08, 35
2011:05:09, 35
2011:05:10, 16
2011:05:11, 67
2011:05:12, 25
2011:05:13, 53
2011:05:14, 20
2011:05:15, 16
2011:05:16, 7
2011:05:17, 9
2011:05:18, 3
2011:05:19, 6
2011:05:20, 5
2011:05:21, 13
2011:05:22, 31
2011:05:23, 8
2011:05:24, 23
2011:05:25, 4
2011:05:26, 1
2011:05:27, 12
2011:05:28, 20
2011:05:29, 17
2011:05:30, 4
2011:05:31, 4
2011:06:01, 4
2011:06:03, 5
2011:06:04, 18
2011:06:05, 16
2011:06:06, 21
2011:06:07, 3
2011:06:08, 4
2011:06:09, 4
2011:06:10, 6
2011:06:11, 18
2011:06:12, 10
2011:06:13, 8
2011:06:14, 8
2011:06:15, 4
2011:06:16, 12
2011:06:17, 10
2011:06:18, 157
2011:06:19, 4
2011:06:20, 7
2011:06:21, 2
2011:06:22, 4
2011:06:23, 38
2011:06:24, 17
2011:06:25, 24
2011:06:26, 30
2011:06:27, 2
2011:06:28, 2
2011:06:29, 1
2011:06:30, 20
2011:07:01, 9
2011:07:02, 31
2011:07:03, 14
2011:07:04, 5
2011:07:05, 19
2011:07:06, 7
2011:07:07, 16
2011:07:08, 80
2011:07:09, 38
2011:07:10, 63
2011:07:11, 22
2011:07:12, 13
2011:07:13, 21
2011:07:14, 6
2011:07:15, 16
2011:07:16, 62
2011:07:17, 21
2011:07:18, 3
2011:07:19, 5
2011:07:20, 75
2011:07:21, 134
2011:07:22, 60
2011:07:23, 74
2011:07:24, 7
2011:07:25, 16
2011:07:26, 5
2011:07:27, 9
2011:07:28, 13
2011:07:29, 9
2011:07:30, 61
2011:07:31, 8
2011:08:01, 19
2011:08:02, 10
2011:08:03, 15
2011:08:04, 134
2011:08:05, 23
2011:08:06, 171
2011:08:07, 12
2011:08:08, 9
2011:08:09, 15
2011:08:10, 9
2011:08:11, 28
2011:08:12, 33
2011:08:13, 51
2011:08:14, 39
2011:08:15, 5
2011:08:16, 7
2011:08:17, 15
2011:08:18, 26
2011:08:19, 78
2011:08:20, 55
2011:08:21, 42
2011:08:22, 33
2011:08:23, 45
2011:08:24, 46
2011:08:25, 11
2011:08:26, 32
2011:08:27, 16
2011:08:28, 13
2011:08:29, 28
2011:08:30, 14
2011:08:31, 31
2011:09:01, 28
2011:09:02, 66
2011:09:03, 60
2011:09:04, 1
2011:09:05, 20
2011:09:06, 3
2011:09:07, 3
2011:09:08, 8
2011:09:09, 1
2011:09:10, 83
2011:09:11, 56
2011:09:12, 30
2011:09:13, 12
2011:09:14, 54
2011:09:15, 2
2011:09:16, 7
2011:09:17, 70
2011:09:18, 24
2011:09:19, 4
2011:09:20, 11
2011:09:21, 8
2011:09:22, 16
2011:09:23, 10
2011:09:24, 19
2011:09:25, 15
2011:09:26, 1
2011:09:29, 4
2011:09:30, 12
2011:10:01, 54
2011:10:02, 55
2011:10:03, 42
2011:10:04, 17
2011:10:05, 3
2011:10:06, 5
2011:10:07, 13
2011:10:08, 4
2011:10:09, 12
2011:10:10, 8
2011:10:11, 4
2011:10:12, 2
2011:10:13, 12
2011:10:14, 6
2011:10:15, 5
2011:10:16, 57
2011:10:17, 45
2011:10:18, 14
2011:10:19, 4
2011:10:20, 15
2011:10:21, 7
2011:10:22, 10
2011:10:23, 6
2011:10:24, 1
2011:10:25, 8
2011:10:26, 7
2011:10:27, 8
2011:10:28, 4
2011:10:29, 26
2011:10:30, 84
2011:10:31, 8
2011:11:01, 9
2011:11:02, 13
2011:11:03, 3
2011:11:04, 4
2011:11:05, 12
2011:11:06, 8
2011:11:07, 2
2011:11:08, 9
2011:11:09, 10
2011:11:10, 8
2011:11:11, 14
2011:11:12, 46
2011:11:13, 53
2011:11:14, 2
2011:11:15, 5
2011:11:16, 6
2011:11:17, 13
2011:11:18, 17
2011:11:19, 133
2011:11:20, 1
2011:11:21, 15
2011:11:22, 2
2011:11:23, 9
2011:11:24, 9
2011:11:25, 61
2011:11:26, 10
2011:11:27, 4
2011:11:28, 7
2011:11:29, 8
2011:11:30, 15
2011:12:01, 12
2011:12:02, 3
2011:12:03, 5
2011:12:04, 6
2011:12:05, 3
2011:12:06, 1
2011:12:07, 2
2011:12:08, 1
2011:12:09, 1
2011:12:10, 42
2011:12:11, 2
2011:12:13, 4
2011:12:14, 23
2011:12:15, 10
2011:12:16, 5
2011:12:17, 6
2011:12:18, 1
2011:12:19, 1
2011:12:20, 3
2011:12:21, 5
2011:12:22, 3
2011:12:23, 4
2011:12:24, 86
2011:12:25, 51
2011:12:26, 2
2011:12:27, 10
2011:12:29, 5
2011:12:30, 3
2011:12:31, 18
2012-03-08, 1
2012-06-26, 4
2012-07-20, 1
2012-11-13, 1
2012:01:01, 13
2012:01:01 0, 1
2012:01:02, 46
2012:01:03, 3
2012:01:04, 6
2012:01:05, 1
2012:01:06, 1
2012:01:07, 2
2012:01:09, 29
2012:01:10, 2
2012:01:11, 1
2012:01:12, 5
2012:01:13, 7
2012:01:14, 14
2012:01:15, 12
2012:01:16, 3
2012:01:17, 5
2012:01:18, 9
2012:01:19, 9
2012:01:20, 7
2012:01:21, 22
2012:01:22, 8
2012:01:23, 1
2012:01:24, 2
2012:01:25, 68
2012:01:26, 37
2012:01:27, 5
2012:01:28, 17
2012:01:29, 1
2012:01:30, 4
2012:01:31, 10
2012:02:01, 22
2012:02:02, 1
2012:02:03, 6
2012:02:04, 11
2012:02:05, 67
2012:02:06, 8
2012:02:07, 3
2012:02:08, 11
2012:02:09, 11
2012:02:10, 8
2012:02:11, 157
2012:02:12, 10
2012:02:13, 4
2012:02:14, 40
2012:02:15, 85
2012:02:16, 115
2012:02:17, 16
2012:02:18, 45
2012:02:19, 138
2012:02:20, 200
2012:02:21, 168
2012:02:22, 36
2012:02:23, 1
2012:02:24, 73
2012:02:25, 213
2012:02:26, 3
2012:02:27, 1
2012:02:28, 5
2012:02:29, 7
2012:03:01, 11
2012:03:02, 13
2012:03:03, 87
2012:03:04, 24
2012:03:05, 4
2012:03:06, 2
2012:03:07, 9
2012:03:08, 7
2012:03:09, 12
2012:03:10, 1
2012:03:11, 7
2012:03:12, 11
2012:03:13, 44
2012:03:14, 7
2012:03:15, 19
2012:03:16, 9
2012:03:17, 10
2012:03:18, 3
2012:03:20, 8
2012:03:21, 12
2012:03:22, 11
2012:03:23, 37
2012:03:24, 27
2012:03:25, 9
2012:03:26, 48
2012:03:27, 14
2012:03:28, 9
2012:03:29, 20
2012:03:30, 8
2012:03:31, 16
2012:04:01, 4
2012:04:02, 5
2012:04:03, 2
2012:04:04, 48
2012:04:05, 9
2012:04:06, 7
2012:04:07, 10
2012:04:08, 8
2012:04:09, 6
2012:04:10, 21
2012:04:11, 8
2012:04:12, 35
2012:04:13, 2
2012:04:14, 1
2012:04:15, 6
2012:04:16, 19
2012:04:17, 8
2012:04:18, 22
2012:04:19, 12
2012:04:20, 14
2012:04:21, 18
2012:04:22, 33
2012:04:23, 22
2012:04:24, 16
2012:04:25, 85
2012:04:26, 11
2012:04:27, 2
2012:04:28, 35
2012:04:29, 10
2012:04:30, 4
2012:05:01, 13
2012:05:02, 7
2012:05:03, 13
2012:05:04, 1
2012:05:05, 14
2012:05:06, 39
2012:05:07, 7
2012:05:08, 6
2012:05:09, 12
2012:05:10, 7
2012:05:11, 14
2012:05:12, 27
2012:05:13, 19
2012:05:14, 3
2012:05:15, 9
2012:05:16, 10
2012:05:17, 17
2012:05:18, 19
2012:05:19, 23
2012:05:20, 48
2012:05:21, 28
2012:05:22, 16
2012:05:23, 5
2012:05:24, 4
2012:05:25, 37
2012:05:26, 19
2012:05:27, 24
2012:05:28, 14
2012:05:29, 21
2012:05:30, 20
2012:05:31, 3
2012:06:01, 10
2012:06:02, 23
2012:06:03, 80
2012:06:04, 48
2012:06:05, 15
2012:06:06, 38
2012:06:07, 35
2012:06:08, 8
2012:06:09, 21
2012:06:10, 4
2012:06:11, 14
2012:06:12, 11
2012:06:13, 14
2012:06:14, 21
2012:06:15, 6
2012:06:16, 7
2012:06:17, 24
2012:06:18, 6
2012:06:19, 11
2012:06:20, 34
2012:06:21, 12
2012:06:22, 106
2012:06:23, 45
2012:06:24, 118
2012:06:25, 25
2012:06:26, 5
2012:06:27, 28
2012:06:28, 20
2012:06:29, 26
2012:06:30, 5
2012:07:01, 2
2012:07:02, 4
2012:07:03, 1
2012:07:04, 3
2012:07:05, 5
2012:07:06, 7
2012:07:07, 9
2012:07:08, 10
2012:07:09, 8
2012:07:10, 11
2012:07:11, 18
2012:07:12, 30
2012:07:13, 48
2012:07:14, 33
2012:07:15, 69
2012:07:16, 16
2012:07:17, 28
2012:07:18, 30
2012:07:19, 28
2012:07:20, 91
2012:07:21, 20
2012:07:22, 51
2012:07:23, 29
2012:07:24, 28
2012:07:25, 36
2012:07:26, 23
2012:07:27, 27
2012:07:28, 62
2012:07:29, 22
2012:07:30, 2
2012:07:31, 7
2012:08:01, 31
2012:08:02, 96
2012:08:03, 70
2012:08:04, 31
2012:08:05, 50
2012:08:06, 3
2012:08:08, 20
2012:08:09, 22
2012:08:10, 14
2012:08:11, 50
2012:08:12, 12
2012:08:13, 9
2012:08:14, 10
2012:08:15, 32
2012:08:16, 15
2012:08:17, 7
2012:08:18, 14
2012:08:19, 53
2012:08:20, 120
2012:08:21, 124
2012:08:22, 77
2012:08:23, 51
2012:08:24, 27
2012:08:25, 41
2012:08:26, 15
2012:08:27, 16
2012:08:28, 8
2012:08:29, 6
2012:08:30, 12
2012:08:31, 33
2012:09:01, 19
2012:09:02, 15
2012:09:03, 14
2012:09:04, 27
2012:09:05, 8
2012:09:06, 32
2012:09:07, 5
2012:09:08, 37
2012:09:09, 20
2012:09:10, 18
2012:09:11, 27
2012:09:12, 9
2012:09:13, 16
2012:09:14, 9
2012:09:15, 147
2012:09:16, 23
2012:09:17, 19
2012:09:18, 24
2012:09:19, 34
2012:09:20, 40
2012:09:21, 30
2012:09:22, 107
2012:09:23, 56
2012:09:24, 27
2012:09:25, 104
2012:09:26, 19
2012:09:27, 58
2012:09:28, 88
2012:09:29, 62
2012:09:30, 116
2012:10:01, 38
2012:10:02, 95
2012:10:03, 78
2012:10:04, 24
2012:10:05, 21
2012:10:06, 74
2012:10:07, 171
2012:10:08, 60
2012:10:09, 156
2012:10:10, 104
2012:10:11, 114
2012:10:12, 51
2012:10:13, 34
2012:10:14, 29
2012:10:15, 10
2012:10:16, 29
2012:10:17, 15
2012:10:18, 17
2012:10:19, 27
2012:10:20, 17
2012:10:21, 33
2012:10:22, 8
2012:10:23, 40
2012:10:24, 18
2012:10:25, 40
2012:10:26, 24
2012:10:27, 64
2012:10:28, 56
2012:10:29, 24
2012:10:30, 20
2012:10:31, 11
2012:11:01, 7
2012:11:02, 23
2012:11:03, 4
2012:11:04, 3
2012:11:05, 7
2012:11:06, 5
2012:11:07, 3
2012:11:08, 14
2012:11:09, 44
2012:11:10, 34
2012:11:11, 142
2012:11:12, 53
2012:11:13, 11
2012:11:14, 20
2012:11:15, 31
2012:11:16, 32
2012:11:17, 43
2012:11:18, 42
2012:11:19, 5
2012:11:20, 12
2012:11:21, 29
2012:11:22, 26
2012:11:23, 21
2012:11:24, 30
2012:11:25, 22
2012:11:26, 21
2012:11:27, 17
2012:11:28, 4
2012:11:29, 15
2012:11:30, 6
2012:12:01, 23
2012:12:02, 58
2012:12:03, 14
2012:12:04, 14
2012:12:05, 5
2012:12:06, 20
2012:12:07, 109
2012:12:08, 38
2012:12:09, 10
2012:12:10, 9
2012:12:11, 6
2012:12:12, 21
2012:12:13, 13
2012:12:14, 45
2012:12:15, 20
2012:12:16, 23
2012:12:17, 16
2012:12:18, 37
2012:12:19, 13
2012:12:20, 24
2012:12:21, 22
2012:12:22, 24
2012:12:23, 47
2012:12:24, 36
2012:12:25, 57
2012:12:26, 28
2012:12:27, 36
2012:12:28, 21
2012:12:29, 67
2012:12:30, 47
2012:12:31, 53
2013-04-20, 1
2013-08-21, 1
2013:01:01, 55
2013:01:02, 5
2013:01:03, 50
2013:01:04, 64
2013:01:05, 93
2013:01:06, 53
2013:01:07, 31
2013:01:08, 88
2013:01:09, 22
2013:01:10, 27
2013:01:11, 30
2013:01:12, 45
2013:01:13, 80
2013:01:14, 32
2013:01:15, 25
2013:01:16, 45
2013:01:17, 12
2013:01:18, 37
2013:01:19, 19
2013:01:20, 13
2013:01:21, 39
2013:01:22, 30
2013:01:23, 37
2013:01:24, 19
2013:01:25, 13
2013:01:26, 69
2013:01:27, 21
2013:01:28, 9
2013:01:29, 16
2013:01:30, 42
2013:01:31, 8
2013:02:01, 7
2013:02:02, 32
2013:02:03, 13
2013:02:04, 14
2013:02:05, 12
2013:02:06, 3
2013:02:07, 15
2013:02:08, 35
2013:02:09, 39
2013:02:10, 35
2013:02:11, 18
2013:02:12, 10
2013:02:13, 97
2013:02:14, 71
2013:02:15, 61
2013:02:16, 31
2013:02:17, 95
2013:02:18, 17
2013:02:19, 29
2013:02:20, 15
2013:02:21, 16
2013:02:22, 45
2013:02:23, 19
2013:02:24, 7
2013:02:25, 37
2013:02:26, 6
2013:02:27, 12
2013:02:28, 15
2013:03:01, 9
2013:03:02, 78
2013:03:03, 41
2013:03:04, 51
2013:03:05, 12
2013:03:06, 25
2013:03:07, 17
2013:03:08, 57
2013:03:09, 166
2013:03:10, 53
2013:03:11, 88
2013:03:12, 30
2013:03:13, 21
2013:03:14, 44
2013:03:15, 67
2013:03:16, 58
2013:03:17, 26
2013:03:18, 10
2013:03:19, 41
2013:03:20, 19
2013:03:21, 41
2013:03:22, 30
2013:03:23, 32
2013:03:24, 18
2013:03:25, 7
2013:03:26, 16
2013:03:27, 9
2013:03:28, 74
2013:03:29, 37
2013:03:30, 112
2013:03:31, 42
2013:04:01, 33
2013:04:02, 16
2013:04:03, 37
2013:04:04, 79
2013:04:05, 110
2013:04:06, 126
2013:04:07, 46
2013:04:08, 24
2013:04:09, 11
2013:04:10, 31
2013:04:11, 5
2013:04:12, 11
2013:04:13, 45
2013:04:14, 14
2013:04:15, 9
2013:04:16, 16
2013:04:17, 1
2013:04:18, 42
2013:04:19, 116
2013:04:20, 75
2013:04:21, 70
2013:04:22, 13
2013:04:23, 28
2013:04:24, 40
2013:04:25, 34
2013:04:26, 12
2013:04:27, 194
2013:04:28, 43
2013:04:29, 9
2013:04:30, 29
2013:05:01, 172
2013:05:02, 237
2013:05:03, 244
2013:05:04, 286
2013:05:05, 260
2013:05:06, 97
2013:05:07, 14
2013:05:08, 30
2013:05:09, 36
2013:05:10, 17
2013:05:11, 155
2013:05:12, 130
2013:05:13, 25
2013:05:14, 43
2013:05:15, 62
2013:05:16, 20
2013:05:17, 22
2013:05:18, 58
2013:05:19, 16
2013:05:20, 12
2013:05:21, 10
2013:05:22, 23
2013:05:23, 16
2013:05:24, 174
2013:05:25, 255
2013:05:26, 175
2013:05:27, 79
2013:05:28, 83
2013:05:29, 65
2013:05:30, 131
2013:05:31, 18
2013:06:01, 203
2013:06:02, 97
2013:06:03, 29
2013:06:04, 33
2013:06:05, 4
2013:06:06, 18
2013:06:07, 16
2013:06:08, 129
2013:06:09, 210
2013:06:10, 223
2013:06:11, 13
2013:06:12, 22
2013:06:13, 19
2013:06:14, 24
2013:06:15, 51
2013:06:16, 144
2013:06:17, 30
2013:06:18, 50
2013:06:19, 59
2013:06:20, 22
2013:06:21, 43
2013:06:22, 63
2013:06:23, 71
2013:06:24, 94
2013:06:25, 153
2013:06:26, 161
2013:06:27, 24
2013:06:28, 105
2013:06:29, 120
2013:06:30, 192
2013:07:01, 58
2013:07:02, 76
2013:07:03, 61
2013:07:04, 95
2013:07:05, 56
2013:07:06, 241
2013:07:07, 96
2013:07:08, 45
2013:07:09, 65
2013:07:10, 29
2013:07:11, 42
2013:07:12, 18
2013:07:13, 322
2013:07:14, 51
2013:07:15, 60
2013:07:16, 66
2013:07:17, 71
2013:07:18, 65
2013:07:19, 21
2013:07:20, 111
2013:07:21, 119
2013:07:22, 22
2013:07:23, 33
2013:07:24, 96
2013:07:25, 88
2013:07:26, 37
2013:07:27, 104
2013:07:28, 85
2013:07:29, 18
2013:07:30, 39
2013:07:31, 5
2013:08:01, 30
2013:08:02, 49
2013:08:03, 134
2013:08:04, 33
2013:08:05, 35
2013:08:06, 18
2013:08:07, 68
2013:08:08, 54
2013:08:09, 58
2013:08:10, 52
2013:08:11, 102
2013:08:12, 107
2013:08:13, 92
2013:08:14, 81
2013:08:15, 109
2013:08:16, 152
2013:08:17, 306
2013:08:18, 302
2013:08:19, 71
2013:08:20, 137
2013:08:21, 84
2013:08:22, 196
2013:08:23, 95
2013:08:24, 996
2013:08:25, 489
2013:08:26, 923
2013:08:27, 38
2013:08:28, 61
2013:08:29, 21
2013:08:30, 30
2013:08:31, 62
2013:09:01, 81
2013:09:02, 33
2013:09:03, 187
2013:09:04, 40
2013:09:05, 101
2013:09:06, 96
2013:09:07, 41
2013:09:08, 100
2013:09:09, 35
2013:09:10, 42
2013:09:11, 43
2013:09:12, 23
2013:09:13, 24
2013:09:14, 43
2013:09:15, 25
2013:09:16, 29
2013:09:17, 65
2013:09:18, 41
2013:09:19, 20
2013:09:20, 36
2013:09:21, 27
2013:09:22, 7
2013:09:23, 79
2013:09:24, 23
2013:09:25, 84
2013:09:26, 24
2013:09:27, 17
2013:09:28, 48
2013:09:29, 115
2013:09:30, 49
2013:10:01, 40
2013:10:02, 44
2013:10:03, 96
2013:10:04, 94
2013:10:05, 114
2013:10:06, 116
2013:10:07, 36
2013:10:08, 58
2013:10:09, 51
2013:10:10, 81
2013:10:11, 20
2013:10:12, 151
2013:10:13, 111
2013:10:14, 58
2013:10:15, 42
2013:10:16, 24
2013:10:17, 62
2013:10:18, 44
2013:10:19, 139
2013:10:20, 28
2013:10:21, 39
2013:10:22, 72
2013:10:23, 38
2013:10:24, 26
2013:10:25, 18
2013:10:26, 50
2013:10:27, 76
2013:10:28, 154
2013:10:29, 19
2013:10:30, 27
2013:10:31, 13
2013:11:01, 16
2013:11:02, 39
2013:11:03, 32
2013:11:04, 55
2013:11:05, 50
2013:11:06, 25
2013:11:07, 30
2013:11:08, 31
2013:11:09, 20
2013:11:10, 93
2013:11:11, 16
2013:11:12, 3
2013:11:13, 32
2013:11:14, 41
2013:11:15, 36
2013:11:16, 35
2013:11:17, 34
2013:11:18, 29
2013:11:19, 39
2013:11:20, 33
2013:11:21, 51
2013:11:22, 25
2013:11:23, 66
2013:11:24, 31
2013:11:25, 10
2013:11:26, 21
2013:11:27, 40
2013:11:28, 10
2013:11:29, 26
2013:11:30, 28
2013:12:01, 14
2013:12:02, 52
2013:12:03, 18
2013:12:04, 29
2013:12:05, 6
2013:12:06, 19
2013:12:07, 28
2013:12:08, 29
2013:12:09, 33
2013:12:10, 41
2013:12:11, 97
2013:12:12, 85
2013:12:13, 33
2013:12:14, 72
2013:12:15, 57
2013:12:16, 45
2013:12:17, 16
2013:12:18, 13
2013:12:19, 51
2013:12:20, 78
2013:12:21, 59
2013:12:22, 40
2013:12:23, 7
2013:12:24, 35
2013:12:25, 39
2013:12:26, 30
2013:12:27, 21
2013:12:28, 48
2013:12:29, 88
2013:12:30, 11
2013:12:31, 41
2014:01:01, 23
2014:01:02, 23
2014:01:03, 27
2014:01:04, 53
2014:01:05, 15
2014:01:06, 10
2014:01:07, 89
2014:01:08, 28
2014:01:09, 7
2014:01:10, 27
2014:01:11, 65
2014:01:12, 39
2014:01:13, 2
2014:01:14, 13
2014:01:15, 79
2014:01:16, 15
2014:01:17, 20
2014:01:18, 29
2014:01:19, 26
2014:01:20, 5
2014:01:21, 5
2014:01:22, 21
2014:01:23, 34
2014:01:24, 27
2014:01:25, 57
2014:01:26, 30
2014:01:27, 30
2014:01:28, 24
2014:01:29, 23
2014:01:30, 31
2014:01:31, 21
2014:02:01, 41
2014:02:02, 41
2014:02:03, 23
2014:02:04, 9
2014:02:05, 5
2014:02:06, 8
2014:02:07, 43
2014:02:08, 9
2014:02:09, 22
2014:02:10, 23
2014:02:11, 34
2014:02:12, 29
2014:02:13, 21
2014:02:14, 13
2014:02:15, 64
2014:02:16, 149
2014:02:17, 54
2014:02:18, 51
2014:02:19, 48
2014:02:20, 32
2014:02:21, 72
2014:02:22, 63
2014:02:23, 13
2014:02:24, 36
2014:02:25, 11
2014:02:26, 14
2014:02:27, 6
2014:02:28, 6
2014:03:01, 15
2014:03:02, 11
2014:03:03, 30
2014:03:04, 15
2014:03:05, 8
2014:03:06, 21
2014:03:07, 17
2014:03:08, 33
2014:03:09, 36
2014:03:10, 5
2014:03:11, 13
2014:03:12, 18
2014:03:13, 8
2014:03:14, 12
2014:03:15, 87
2014:03:16, 50
2014:03:17, 16
2014:03:18, 15
2014:03:19, 19
2014:03:20, 25
2014:03:21, 54
2014:03:22, 104
2014:03:23, 57
2014:03:24, 19
2014:03:25, 33
2014:03:26, 38
2014:03:27, 63
2014:03:28, 66
2014:03:29, 20
2014:03:30, 41
2014:03:31, 7
2014:04:01, 25
2014:04:02, 9
2014:04:03, 3
2014:04:04, 5
2014:04:05, 9
2014:04:06, 18
2014:04:07, 14
2014:04:08, 9
2014:04:09, 43
2014:04:10, 51
2014:04:11, 25
2014:04:12, 125
2014:04:13, 120
2014:04:14, 30
2014:04:15, 26
2014:04:16, 23
2014:04:17, 9
2014:04:18, 14
2014:04:19, 64
2014:04:20, 40
2014:04:21, 61
2014:04:22, 17
2014:04:23, 3
2014:04:24, 11
2014:04:25, 42
2014:04:26, 63
2014:04:27, 43
2014:04:28, 6
2014:04:29, 18
2014:04:30, 24
2014:05:01, 84
2014:05:02, 54
2014:05:03, 72
2014:05:04, 97
2014:05:05, 59
2014:05:06, 55
2014:05:07, 59
2014:05:08, 34
2014:05:09, 73
2014:05:10, 59
2014:05:11, 54
2014:05:12, 11
2014:05:13, 44
2014:05:14, 39
2014:05:15, 78
2014:05:16, 34
2014:05:17, 104
2014:05:18, 124
2014:05:19, 50
2014:05:20, 12
2014:05:21, 32
2014:05:22, 8
2014:05:23, 9
2014:05:24, 45
2014:05:25, 45
2014:05:26, 41
2014:05:27, 4
2014:05:28, 40
2014:05:29, 35
2014:05:30, 40
2014:05:31, 47
2014:06:01, 88
2014:06:02, 39
2014:06:03, 83
2014:06:04, 37
2014:06:05, 47
2014:06:06, 19
2014:06:07, 142
2014:06:08, 60
2014:06:09, 60
2014:06:10, 12
2014:06:11, 19
2014:06:12, 23
2014:06:13, 55
2014:06:14, 35
2014:06:15, 22
2014:06:16, 40
2014:06:17, 24
2014:06:18, 8
2014:06:19, 23
2014:06:20, 32
2014:06:21, 20
2014:06:22, 26
2014:06:23, 17
2014:06:24, 26
2014:06:25, 13
2014:06:26, 35
2014:06:27, 42
2014:06:28, 41
2014:06:29, 23
2014:06:30, 13
2014:07:01, 52
2014:07:02, 44
2014:07:03, 19
2014:07:04, 25
2014:07:05, 66
2014:07:06, 81
2014:07:07, 38
2014:07:08, 14
2014:07:09, 16
2014:07:10, 21
2014:07:11, 61
2014:07:12, 50
2014:07:13, 111
2014:07:14, 34
2014:07:15, 9
2014:07:16, 17
2014:07:17, 19
2014:07:18, 30
2014:07:19, 59
2014:07:20, 43
2014:07:21, 2
2014:07:22, 37
2014:07:23, 28
2014:07:24, 22
2014:07:25, 9
2014:07:26, 88
2014:07:27, 67
2014:07:28, 21
2014:07:29, 59
2014:07:30, 103
2014:07:31, 52
2014:08:01, 39
2014:08:02, 75
2014:08:03, 25
2014:08:04, 7
2014:08:05, 46
2014:08:06, 33
2014:08:07, 30
2014:08:08, 41
2014:08:09, 50
2014:08:10, 5
2014:08:11, 43
2014:08:12, 14
2014:08:13, 10
2014:08:14, 16
2014:08:15, 10
2014:08:16, 14
2014:08:17, 82
2014:08:18, 3
2014:08:19, 1
2014:08:20, 11
2014:08:22, 24
2014:08:23, 8
2014:08:24, 4
2014:08:25, 3
2014:08:26, 36
2014:08:27, 38
2014:08:28, 18
2014:08:29, 11
2014:08:30, 99
2014:08:31, 46
2014:09:02, 9
2014:09:03, 7
2014:09:04, 10
2014:09:05, 11
2014:09:06, 16
2014:09:07, 4
2014:09:08, 5
2014:09:09, 7
2014:09:10, 35
2014:09:11, 7
2014:09:12, 6
2014:09:13, 11
2014:09:14, 47
2014:09:15, 26
2014:09:16, 13
2014:09:17, 20
2014:09:18, 39
2014:09:19, 12
2014:09:20, 36
2014:09:21, 15
2014:09:22, 4
2014:09:23, 4
2014:09:24, 33
2014:09:25, 17
2014:09:252, 5
2014:09:255, 1
2014:09:26, 24
2014:09:262, 1
2014:09:263, 15
2014:09:264, 1
2014:09:265, 23
2014:09:266, 32
2014:09:267, 24
2014:09:268, 28
2014:09:269, 34
2014:09:27, 23
2014:09:270, 33
2014:09:271, 60
2014:09:272, 59
2014:09:273, 41
2014:09:28, 45
2014:09:29, 10
2014:09:30, 6
2014:10:01, 14
2014:10:02, 1
2014:10:03, 25
2014:10:04, 8
2014:10:05, 28
2014:10:06, 22
2014:10:07, 13
2014:10:08, 11
2014:10:09, 16
2014:10:10, 72
2014:10:11, 9
2014:10:12, 14
2014:10:13, 88
2014:10:14, 28
2014:10:15, 1
2014:10:16, 9
2014:10:17, 22
2014:10:18, 113
2014:10:19, 74
2014:10:20, 9
2014:10:21, 3
2014:10:22, 8
2014:10:23, 36
2014:10:24, 50
2014:10:25, 50
2014:10:26, 31
2014:10:27, 44
2014:10:274, 49
2014:10:275, 85
2014:10:276, 34
2014:10:277, 107
2014:10:278, 40
2014:10:279, 22
2014:10:28, 25
2014:10:280, 19
2014:10:281, 25
2014:10:282, 31
2014:10:283, 15
2014:10:284, 30
2014:10:285, 17
2014:10:286, 37
2014:10:287, 32
2014:10:288, 28
2014:10:289, 23
2014:10:29, 60
2014:10:290, 40
2014:10:291, 104
2014:10:292, 42
2014:10:293, 26
2014:10:294, 99
2014:10:295, 128
2014:10:296, 51
2014:10:297, 16
2014:10:298, 27
2014:10:299, 8
2014:10:30, 48
2014:10:300, 3
2014:10:301, 4
2014:10:302, 3
2014:10:303, 10
2014:10:304, 7
2014:10:31, 113
2014:11:01, 89
2014:11:02, 142
2014:11:03, 55
2014:11:04, 149
2014:11:05, 55
2014:11:06, 65
2014:11:07, 111
2014:11:08, 108
2014:11:09, 45
2014:11:10, 31
2014:11:11, 14
2014:11:12, 24
2014:11:13, 50
2014:11:14, 57
2014:11:15, 63
2014:11:16, 86
2014:11:17, 26
2014:11:18, 33
2014:11:19, 60
2014:11:20, 80
2014:11:21, 119
2014:11:22, 113
2014:11:23, 89
2014:11:24, 22
2014:11:25, 50
2014:11:26, 82
2014:11:27, 123
2014:11:28, 61
2014:11:29, 77
2014:11:30, 77
2014:11:305, 31
2014:11:306, 7
2014:11:307, 14
2014:11:308, 2
2014:11:309, 3
2014:11:310, 2
2014:11:311, 1
2014:11:313, 1
2014:11:325, 10
2014:11:327, 20
2014:12:01, 33
2014:12:02, 31
2014:12:03, 14
2014:12:04, 17
2014:12:05, 94
2014:12:06, 66
2014:12:07, 66
2014:12:08, 40
2014:12:09, 26
2014:12:10, 29
2014:12:11, 33
2014:12:12, 20
2014:12:13, 132
2014:12:14, 145
2014:12:15, 134
2014:12:16, 41
2014:12:17, 49
2014:12:18, 32
2014:12:19, 102
2014:12:20, 76
2014:12:21, 98
2014:12:22, 60
2014:12:23, 49
2014:12:24, 41
2014:12:25, 164
2014:12:26, 40
2014:12:27, 145
2014:12:28, 101
2014:12:29, 26
2014:12:30, 23
2014:12:31, 151
2014:12:335, 1
2014:12:336, 1
2014:12:338, 1
2014:12:339, 6
2014:12:354, 2
2015-01-05, 1
2015:01:01, 75
2015:01:02, 106
2015:01:03, 151
2015:01:04, 141
2015:01:05, 42
2015:01:06, 107
2015:01:07, 31
2015:01:08, 64
2015:01:09, 76
2015:01:10, 121
2015:01:11, 29
2015:01:12, 15
2015:01:13, 10
2015:01:14, 25
2015:01:15, 21
2015:01:16, 54
2015:01:17, 32
2015:01:18, 44
2015:01:19, 53
2015:01:20, 30
2015:01:21, 36
2015:01:22, 52
2015:01:23, 24
2015:01:24, 124
2015:01:25, 111
2015:01:26, 74
2015:01:27, 75
2015:01:28, 82
2015:01:29, 90
2015:01:30, 26
2015:01:31, 36
2015:02:01, 44
2015:02:02, 16
2015:02:03, 25
2015:02:04, 21
2015:02:05, 62
2015:02:06, 31
2015:02:07, 61
2015:02:08, 54
2015:02:09, 58
2015:02:10, 15
2015:02:11, 26
2015:02:12, 148
2015:02:13, 32
2015:02:14, 77
2015:02:15, 77
2015:02:16, 68
2015:02:17, 124
2015:02:18, 89
2015:02:19, 72
2015:02:20, 66
2015:02:21, 64
2015:02:22, 105
2015:02:23, 63
2015:02:24, 35
2015:02:25, 148
2015:02:26, 113
2015:02:27, 200
2015:02:28, 126
2015:02:51, 11
2015:02:52, 1
2015:02:53, 1
2015:03:01, 92
2015:03:02, 29
2015:03:03, 46
2015:03:04, 30
2015:03:05, 40
2015:03:06, 73
2015:03:07, 68
2015:03:08, 41
2015:03:09, 50
2015:03:10, 24
2015:03:11, 52
2015:03:12, 13
2015:03:13, 20
2015:03:14, 154
2015:03:15, 19
2015:03:16, 31
2015:03:17, 21
2015:03:18, 42
2015:03:19, 21
2015:03:20, 24
2015:03:21, 87
2015:03:22, 82
2015:03:23, 21
2015:03:24, 7
2015:03:25, 117
2015:03:26, 68
2015:03:27, 41
2015:03:28, 63
2015:03:29, 51
2015:03:30, 12
2015:03:31, 4
2015:04:01, 13
2015:04:02, 6
2015:04:03, 30
2015:04:04, 35
2015:04:05, 36
2015:04:06, 2
2015:12:364, 1
2017:01:20, 1
2017:04:16, 1
2017:07:20, 1
2017:10:17, 1
2018:01:01, 1
2018:01:03, 1
2018:10:30, 1
2018:11:15, 1
2018:11:22, 1
2020:01:19, 1
2020:05:12, 1
2020:05:15, 9
2021:08:05, 1
2022:10:21, 1
2022:10:22, 1
2024:10:18, 1
2025:03:04, 1
2025:08:23, 1
2027:09:09, 1
2030:02:14, 1
2030:03:30, 1
2030:11:03, 1
2031:05:31, 1
2035:03:12, 1
2037:12:03, 1
2038:01:19, 7
46556:05:2, 1
46594:03:0, 1
46594:10:0, 1
