ifds_ExifImageHeight ,Count
, 6540
0, 551
0x[00000000] / 0, 6559
0x[00000001] / 1, 927
0x[00000078] / 120, 31
0x[00000080] / 128, 1
0x[00000087] / 135, 2
0x[00000088] / 136, 1
0x[00000097] / 151, 1
0x[000000A0] / 160, 1
0x[000000B0] / 176, 1
0x[000000B4] / 180, 2
0x[000000B7] / 183, 1
0x[000000C5] / 197, 1
0x[000000C8] / 200, 5
0x[000000D0] / 208, 1
0x[000000D8] / 216, 1
0x[000000EC] / 236, 1
0x[000000EF] / 239, 1
0x[000000F0] / 240, 524
0x[000000F1] / 241, 1
0x[000000FA] / 250, 1
0x[000000FB] / 251, 2
0x[00000100] / 256, 1
0x[00000104] / 260, 2
0x[0000010A] / 266, 1
0x[00000110] / 272, 1
0x[0000011A] / 282, 1
0x[00000120] / 288, 3
0x[0000012B] / 299, 2
0x[0000012C] / 300, 6
0x[00000130] / 304, 1
0x[00000138] / 312, 1
0x[00000139] / 313, 1
0x[0000013C] / 316, 3
0x[00000140] / 320, 151
0x[00000142] / 322, 3
0x[00000144] / 324, 1
0x[0000014A] / 330, 1
0x[0000014E] / 334, 2
0x[00000150] / 336, 6
0x[00000151] / 337, 1
0x[00000152] / 338, 3
0x[00000156] / 342, 1
0x[00000158] / 344, 1
0x[0000015C] / 348, 1
0x[0000015E] / 350, 2
0x[00000160] / 352, 1
0x[00000163] / 355, 1
0x[00000166] / 358, 2
0x[00000168] / 360, 47
0x[00000169] / 361, 2
0x[0000016A] / 362, 1
0x[0000016B] / 363, 1
0x[0000016C] / 364, 1
0x[00000170] / 368, 5
0x[00000172] / 370, 1
0x[00000173] / 371, 1
0x[00000174] / 372, 1
0x[00000176] / 374, 1
0x[00000177] / 375, 45
0x[00000178] / 376, 1
0x[00000179] / 377, 1
0x[0000017D] / 381, 1
0x[00000180] / 384, 65
0x[00000181] / 385, 1
0x[00000185] / 389, 1
0x[00000186] / 390, 1
0x[00000188] / 392, 1
0x[0000018A] / 394, 3
0x[0000018C] / 396, 3
0x[0000018D] / 397, 1
0x[0000018F] / 399, 7
0x[00000190] / 400, 23
0x[00000192] / 402, 4
0x[00000193] / 403, 2
0x[00000195] / 405, 1
0x[00000198] / 408, 26
0x[0000019D] / 413, 4
0x[0000019F] / 415, 1
0x[000001A0] / 416, 74
0x[000001A1] / 417, 2
0x[000001A2] / 418, 1
0x[000001A4] / 420, 1
0x[000001A5] / 421, 3
0x[000001A6] / 422, 4
0x[000001A7] / 423, 1
0x[000001A8] / 424, 7
0x[000001A9] / 425, 7
0x[000001AA] / 426, 6
0x[000001AB] / 427, 10
0x[000001AD] / 429, 1
0x[000001AE] / 430, 6
0x[000001AF] / 431, 1
0x[000001B0] / 432, 89
0x[000001B1] / 433, 4
0x[000001B3] / 435, 1
0x[000001B4] / 436, 1
0x[000001B6] / 438, 2
0x[000001B8] / 440, 1
0x[000001B9] / 441, 1
0x[000001BA] / 442, 1
0x[000001BC] / 444, 2
0x[000001BE] / 446, 1
0x[000001C0] / 448, 32
0x[000001C1] / 449, 1
0x[000001C2] / 450, 103
0x[000001C3] / 451, 1
0x[000001C4] / 452, 6
0x[000001C5] / 453, 2
0x[000001C8] / 456, 3
0x[000001CA] / 458, 2
0x[000001CC] / 460, 2
0x[000001CD] / 461, 6
0x[000001CF] / 463, 2
0x[000001D0] / 464, 26
0x[000001D3] / 467, 3
0x[000001D4] / 468, 1
0x[000001D5] / 469, 2
0x[000001D8] / 472, 4
0x[000001D9] / 473, 1
0x[000001DA] / 474, 2
0x[000001DB] / 475, 3
0x[000001DC] / 476, 1
0x[000001DE] / 478, 1
0x[000001DF] / 479, 8
0x[000001E0] / 480, 12402
0x[000001E3] / 483, 2
0x[000001E4] / 484, 1
0x[000001E5] / 485, 2
0x[000001E6] / 486, 4
0x[000001E7] / 487, 1
0x[000001E8] / 488, 20
0x[000001EA] / 490, 2
0x[000001ED] / 493, 2
0x[000001EE] / 494, 1
0x[000001EF] / 495, 2
0x[000001F0] / 496, 4
0x[000001F2] / 498, 3
0x[000001F3] / 499, 3
0x[000001F4] / 500, 56
0x[000001F5] / 501, 1
0x[000001F6] / 502, 91
0x[000001F8] / 504, 2
0x[000001F9] / 505, 1
0x[000001FA] / 506, 1
0x[000001FB] / 507, 25
0x[000001FC] / 508, 3
0x[000001FD] / 509, 2
0x[000001FE] / 510, 214
0x[00000200] / 512, 17
0x[00000201] / 513, 1
0x[00000202] / 514, 3
0x[00000203] / 515, 1
0x[00000205] / 517, 1
0x[00000206] / 518, 12
0x[00000207] / 519, 2
0x[0000020A] / 522, 4
0x[0000020B] / 523, 2
0x[0000020C] / 524, 10
0x[0000020D] / 525, 32
0x[0000020E] / 526, 2
0x[0000020F] / 527, 1
0x[00000210] / 528, 3
0x[00000211] / 529, 7
0x[00000212] / 530, 4
0x[00000213] / 531, 1
0x[00000214] / 532, 5
0x[00000215] / 533, 22
0x[00000216] / 534, 9
0x[00000217] / 535, 5
0x[00000218] / 536, 8
0x[0000021A] / 538, 2
0x[0000021B] / 539, 5
0x[0000021C] / 540, 1
0x[0000021E] / 542, 3
0x[0000021F] / 543, 6
0x[00000220] / 544, 607
0x[00000221] / 545, 1
0x[00000222] / 546, 2
0x[00000223] / 547, 1
0x[00000224] / 548, 2
0x[00000225] / 549, 1
0x[00000226] / 550, 2
0x[00000227] / 551, 2
0x[00000228] / 552, 1
0x[00000229] / 553, 2
0x[0000022B] / 555, 2
0x[0000022C] / 556, 2
0x[0000022D] / 557, 1
0x[0000022E] / 558, 2
0x[0000022F] / 559, 1
0x[00000230] / 560, 28
0x[00000232] / 562, 6
0x[00000233] / 563, 73
0x[00000235] / 565, 4
0x[00000236] / 566, 3
0x[00000237] / 567, 2
0x[0000023A] / 570, 2
0x[0000023B] / 571, 2
0x[0000023C] / 572, 3
0x[0000023D] / 573, 3
0x[0000023E] / 574, 1
0x[0000023F] / 575, 5
0x[00000240] / 576, 21
0x[00000241] / 577, 3
0x[00000242] / 578, 2
0x[00000243] / 579, 2
0x[00000244] / 580, 1
0x[00000246] / 582, 1
0x[00000247] / 583, 1
0x[00000248] / 584, 4
0x[00000249] / 585, 17
0x[0000024A] / 586, 3
0x[0000024B] / 587, 2
0x[0000024C] / 588, 1
0x[0000024D] / 589, 2
0x[0000024E] / 590, 1
0x[00000250] / 592, 4
0x[00000251] / 593, 2
0x[00000252] / 594, 1
0x[00000253] / 595, 3
0x[00000255] / 597, 4
0x[00000256] / 598, 4
0x[00000257] / 599, 7
0x[00000258] / 600, 1011
0x[00000259] / 601, 2
0x[0000025A] / 602, 6
0x[0000025B] / 603, 2
0x[0000025C] / 604, 6
0x[0000025D] / 605, 3
0x[0000025E] / 606, 18
0x[0000025F] / 607, 1
0x[00000260] / 608, 15
0x[00000261] / 609, 2
0x[00000262] / 610, 1
0x[00000264] / 612, 1
0x[00000265] / 613, 5
0x[00000266] / 614, 1
0x[00000267] / 615, 6
0x[00000268] / 616, 1
0x[00000269] / 617, 2
0x[0000026A] / 618, 1
0x[0000026B] / 619, 1
0x[0000026C] / 620, 6
0x[0000026E] / 622, 3
0x[0000026F] / 623, 2
0x[00000270] / 624, 14
0x[00000271] / 625, 2
0x[00000273] / 627, 2
0x[00000274] / 628, 2
0x[00000275] / 629, 1
0x[00000276] / 630, 118
0x[00000277] / 631, 1
0x[00000278] / 632, 2
0x[00000279] / 633, 3
0x[0000027A] / 634, 1
0x[0000027B] / 635, 1
0x[0000027C] / 636, 5
0x[0000027E] / 638, 4
0x[0000027F] / 639, 4
0x[00000280] / 640, 920
0x[00000281] / 641, 4
0x[00000282] / 642, 1
0x[00000283] / 643, 2
0x[00000286] / 646, 2
0x[00000288] / 648, 2
0x[0000028A] / 650, 11
0x[0000028B] / 651, 2
0x[0000028C] / 652, 3
0x[0000028D] / 653, 4
0x[0000028E] / 654, 1
0x[0000028F] / 655, 1
0x[00000290] / 656, 1
0x[00000291] / 657, 3
0x[00000292] / 658, 4
0x[00000296] / 662, 28
0x[00000298] / 664, 3
0x[00000299] / 665, 8
0x[0000029A] / 666, 1
0x[0000029B] / 667, 7
0x[0000029C] / 668, 2
0x[0000029D] / 669, 1
0x[0000029E] / 670, 2
0x[0000029F] / 671, 1
0x[000002A0] / 672, 13
0x[000002A1] / 673, 2
0x[000002A3] / 675, 14
0x[000002A5] / 677, 1
0x[000002A6] / 678, 2
0x[000002A7] / 679, 1
0x[000002A8] / 680, 7
0x[000002A9] / 681, 2
0x[000002AA] / 682, 4
0x[000002AB] / 683, 5
0x[000002AC] / 684, 3
0x[000002AD] / 685, 4
0x[000002AF] / 687, 2
0x[000002B0] / 688, 1
0x[000002B1] / 689, 1
0x[000002B2] / 690, 1
0x[000002B3] / 691, 3
0x[000002B4] / 692, 1
0x[000002B6] / 694, 3
0x[000002B7] / 695, 3
0x[000002B8] / 696, 1
0x[000002B9] / 697, 2
0x[000002BA] / 698, 2
0x[000002BB] / 699, 1
0x[000002BC] / 700, 18
0x[000002BF] / 703, 1
0x[000002C0] / 704, 5
0x[000002C2] / 706, 3
0x[000002C4] / 708, 5
0x[000002C5] / 709, 3
0x[000002C6] / 710, 3
0x[000002C8] / 712, 1
0x[000002C9] / 713, 2
0x[000002CC] / 716, 1
0x[000002CD] / 717, 1
0x[000002CE] / 718, 1
0x[000002CF] / 719, 1
0x[000002D0] / 720, 388
0x[000002D1] / 721, 1
0x[000002D4] / 724, 2
0x[000002D5] / 725, 3
0x[000002D6] / 726, 119
0x[000002D8] / 728, 1
0x[000002DA] / 730, 1
0x[000002DC] / 732, 2
0x[000002DD] / 733, 4
0x[000002E0] / 736, 116
0x[000002E1] / 737, 1
0x[000002E2] / 738, 2
0x[000002E5] / 741, 2
0x[000002E8] / 744, 6
0x[000002E9] / 745, 2
0x[000002EC] / 748, 3
0x[000002ED] / 749, 2
0x[000002EE] / 750, 56
0x[000002F0] / 752, 2
0x[000002F1] / 753, 3
0x[000002F8] / 760, 16
0x[000002F9] / 761, 3
0x[000002FA] / 762, 3
0x[000002FC] / 764, 1
0x[000002FD] / 765, 2
0x[000002FF] / 767, 2
0x[00000300] / 768, 7907
0x[00000301] / 769, 10
0x[00000302] / 770, 1
0x[00000303] / 771, 1
0x[00000304] / 772, 2
0x[00000306] / 774, 2
0x[00000308] / 776, 3
0x[00000309] / 777, 6
0x[0000030A] / 778, 8
0x[0000030B] / 779, 1
0x[0000030C] / 780, 6
0x[0000030D] / 781, 3
0x[0000030E] / 782, 1
0x[0000030F] / 783, 1
0x[00000310] / 784, 6
0x[00000312] / 786, 1
0x[00000313] / 787, 2
0x[00000315] / 789, 1
0x[00000316] / 790, 2
0x[00000318] / 792, 5
0x[00000319] / 793, 1
0x[0000031B] / 795, 5
0x[0000031C] / 796, 10
0x[0000031D] / 797, 2
0x[0000031F] / 799, 6
0x[00000320] / 800, 163
0x[00000321] / 801, 2
0x[00000323] / 803, 1
0x[00000324] / 804, 117
0x[00000325] / 805, 2
0x[00000326] / 806, 1
0x[00000327] / 807, 8
0x[00000328] / 808, 3
0x[0000032A] / 810, 46
0x[0000032C] / 812, 2
0x[0000032F] / 815, 2
0x[00000330] / 816, 4
0x[00000331] / 817, 1
0x[00000332] / 818, 5
0x[00000334] / 820, 7
0x[00000336] / 822, 1
0x[00000337] / 823, 1
0x[00000338] / 824, 2
0x[00000339] / 825, 1
0x[0000033A] / 826, 71
0x[0000033B] / 827, 2
0x[0000033C] / 828, 16
0x[0000033D] / 829, 1
0x[0000033F] / 831, 1
0x[00000340] / 832, 1
0x[00000341] / 833, 1
0x[00000343] / 835, 1
0x[00000344] / 836, 2
0x[00000346] / 838, 1
0x[00000347] / 839, 17
0x[00000348] / 840, 420
0x[00000349] / 841, 3
0x[0000034A] / 842, 17
0x[0000034B] / 843, 4
0x[0000034C] / 844, 1
0x[0000034D] / 845, 8
0x[0000034E] / 846, 9
0x[0000034F] / 847, 2
0x[00000350] / 848, 3
0x[00000352] / 850, 1
0x[00000353] / 851, 17
0x[00000354] / 852, 9
0x[00000355] / 853, 2
0x[00000356] / 854, 2
0x[00000357] / 855, 2
0x[00000358] / 856, 4
0x[00000359] / 857, 2
0x[0000035A] / 858, 1
0x[0000035B] / 859, 1
0x[0000035C] / 860, 2
0x[0000035D] / 861, 2
0x[0000035E] / 862, 1
0x[0000035F] / 863, 3
0x[00000360] / 864, 275
0x[00000363] / 867, 1
0x[00000365] / 869, 3
0x[00000366] / 870, 2
0x[00000367] / 871, 1
0x[0000036A] / 874, 1
0x[0000036C] / 876, 1
0x[0000036D] / 877, 1
0x[00000370] / 880, 6
0x[00000371] / 881, 2
0x[00000372] / 882, 1
0x[00000373] / 883, 1
0x[00000374] / 884, 2
0x[00000376] / 886, 1
0x[00000378] / 888, 3
0x[0000037C] / 892, 1
0x[0000037D] / 893, 2
0x[0000037F] / 895, 1
0x[00000380] / 896, 13
0x[00000383] / 899, 2
0x[00000384] / 900, 85
0x[00000385] / 901, 2
0x[00000386] / 902, 1
0x[00000387] / 903, 2
0x[00000388] / 904, 1
0x[00000389] / 905, 2
0x[0000038A] / 906, 2
0x[0000038B] / 907, 1
0x[0000038C] / 908, 2
0x[0000038D] / 909, 2
0x[0000038E] / 910, 1
0x[00000390] / 912, 12
0x[00000391] / 913, 2
0x[00000393] / 915, 3
0x[00000394] / 916, 2
0x[00000396] / 918, 2
0x[00000397] / 919, 1
0x[00000398] / 920, 2
0x[00000399] / 921, 1
0x[0000039A] / 922, 8
0x[0000039C] / 924, 2
0x[0000039E] / 926, 2
0x[000003A0] / 928, 13
0x[000003A1] / 929, 2
0x[000003A2] / 930, 1
0x[000003A3] / 931, 4
0x[000003A5] / 933, 1
0x[000003A6] / 934, 2
0x[000003A7] / 935, 1
0x[000003A8] / 936, 2
0x[000003AA] / 938, 1
0x[000003AB] / 939, 2
0x[000003AC] / 940, 1
0x[000003AE] / 942, 1
0x[000003B0] / 944, 10
0x[000003B1] / 945, 2
0x[000003B4] / 948, 1
0x[000003B5] / 949, 1
0x[000003B6] / 950, 2
0x[000003BA] / 954, 2
0x[000003BC] / 956, 1
0x[000003BD] / 957, 2
0x[000003BF] / 959, 2
0x[000003C0] / 960, 6475
0x[000003C1] / 961, 5
0x[000003C2] / 962, 1
0x[000003C3] / 963, 1
0x[000003C5] / 965, 3
0x[000003C6] / 966, 1
0x[000003C7] / 967, 1
0x[000003C8] / 968, 4
0x[000003C9] / 969, 4
0x[000003CA] / 970, 3
0x[000003CB] / 971, 1
0x[000003CC] / 972, 5
0x[000003CD] / 973, 2
0x[000003CE] / 974, 1
0x[000003CF] / 975, 6
0x[000003D0] / 976, 14
0x[000003D1] / 977, 1
0x[000003D2] / 978, 1
0x[000003D3] / 979, 1
0x[000003D4] / 980, 2
0x[000003D8] / 984, 3
0x[000003D9] / 985, 2
0x[000003DB] / 987, 1
0x[000003DC] / 988, 1
0x[000003DD] / 989, 1
0x[000003DE] / 990, 1
0x[000003DF] / 991, 2
0x[000003E0] / 992, 9
0x[000003E1] / 993, 4
0x[000003E3] / 995, 1
0x[000003E4] / 996, 2
0x[000003E8] / 1000, 45
0x[000003E9] / 1001, 2
0x[000003EA] / 1002, 1
0x[000003ED] / 1005, 1
0x[000003EE] / 1006, 1
0x[000003F0] / 1008, 15
0x[000003F2] / 1010, 3
0x[000003F4] / 1012, 3
0x[000003F6] / 1014, 1
0x[000003F8] / 1016, 2
0x[000003F9] / 1017, 2
0x[000003FC] / 1020, 4
0x[000003FD] / 1021, 2
0x[000003FE] / 1022, 1
0x[000003FF] / 1023, 1
0x[00000400] / 1024, 5884
0x[00000401] / 1025, 4
0x[00000403] / 1027, 25
0x[00000404] / 1028, 4
0x[00000405] / 1029, 1
0x[00000406] / 1030, 1
0x[00000408] / 1032, 16
0x[0000040C] / 1036, 3
0x[0000040D] / 1037, 45
0x[00000410] / 1040, 98
0x[00000412] / 1042, 1
0x[00000414] / 1044, 25
0x[00000416] / 1046, 3
0x[00000417] / 1047, 1
0x[00000418] / 1048, 6
0x[0000041A] / 1050, 1
0x[0000041B] / 1051, 2
0x[0000041C] / 1052, 2
0x[0000041D] / 1053, 3
0x[0000041E] / 1054, 7
0x[00000420] / 1056, 23
0x[00000422] / 1058, 1
0x[00000423] / 1059, 1
0x[00000424] / 1060, 11
0x[00000425] / 1061, 4
0x[00000426] / 1062, 3
0x[00000427] / 1063, 71
0x[00000428] / 1064, 3
0x[00000429] / 1065, 104
0x[0000042A] / 1066, 24
0x[0000042B] / 1067, 314
0x[0000042C] / 1068, 17
0x[0000042D] / 1069, 1
0x[0000042E] / 1070, 1
0x[0000042F] / 1071, 70
0x[00000430] / 1072, 109
0x[00000432] / 1074, 45
0x[00000433] / 1075, 51
0x[00000435] / 1077, 2
0x[00000437] / 1079, 2
0x[00000438] / 1080, 7463
0x[00000439] / 1081, 1
0x[0000043A] / 1082, 4
0x[0000043B] / 1083, 2
0x[0000043C] / 1084, 1
0x[0000043E] / 1086, 208
0x[0000043F] / 1087, 2
0x[00000440] / 1088, 140
0x[00000442] / 1090, 1
0x[00000443] / 1091, 1
0x[00000444] / 1092, 2
0x[00000446] / 1094, 2
0x[00000447] / 1095, 1
0x[00000448] / 1096, 3
0x[00000449] / 1097, 2
0x[0000044A] / 1098, 4
0x[0000044B] / 1099, 1
0x[00000450] / 1104, 28
0x[00000451] / 1105, 1
0x[00000452] / 1106, 1
0x[00000454] / 1108, 1
0x[00000455] / 1109, 2
0x[00000456] / 1110, 7
0x[00000457] / 1111, 1
0x[00000458] / 1112, 4
0x[0000045A] / 1114, 1
0x[0000045C] / 1116, 1
0x[0000045D] / 1117, 41
0x[0000045E] / 1118, 5
0x[00000460] / 1120, 35
0x[00000461] / 1121, 3
0x[00000462] / 1122, 1
0x[00000464] / 1124, 12
0x[00000465] / 1125, 9
0x[00000466] / 1126, 1
0x[00000467] / 1127, 1
0x[00000468] / 1128, 7
0x[00000469] / 1129, 3
0x[0000046A] / 1130, 1
0x[0000046D] / 1133, 2
0x[0000046E] / 1134, 270
0x[00000470] / 1136, 10
0x[00000471] / 1137, 1
0x[00000474] / 1140, 2
0x[00000475] / 1141, 1
0x[00000476] / 1142, 4
0x[00000477] / 1143, 2
0x[00000478] / 1144, 472
0x[00000479] / 1145, 2
0x[0000047A] / 1146, 2
0x[0000047B] / 1147, 2
0x[0000047C] / 1148, 2
0x[0000047D] / 1149, 1
0x[0000047E] / 1150, 6
0x[0000047F] / 1151, 4
0x[00000480] / 1152, 775
0x[00000481] / 1153, 1
0x[00000483] / 1155, 1
0x[00000485] / 1157, 1
0x[00000486] / 1158, 1
0x[00000487] / 1159, 1
0x[00000488] / 1160, 3
0x[00000489] / 1161, 2
0x[0000048A] / 1162, 2
0x[0000048B] / 1163, 2
0x[0000048E] / 1166, 10
0x[0000048F] / 1167, 1
0x[00000490] / 1168, 10
0x[00000493] / 1171, 1
0x[00000494] / 1172, 1
0x[00000496] / 1174, 2
0x[00000497] / 1175, 1
0x[00000498] / 1176, 12
0x[00000499] / 1177, 1
0x[0000049B] / 1179, 2
0x[0000049C] / 1180, 26
0x[0000049D] / 1181, 1
0x[0000049E] / 1182, 13
0x[0000049F] / 1183, 2
0x[000004A0] / 1184, 97
0x[000004A1] / 1185, 1
0x[000004A2] / 1186, 3
0x[000004A3] / 1187, 2
0x[000004A4] / 1188, 234
0x[000004A6] / 1190, 4
0x[000004A7] / 1191, 2
0x[000004A8] / 1192, 2
0x[000004AB] / 1195, 45
0x[000004AC] / 1196, 1
0x[000004AD] / 1197, 1
0x[000004AE] / 1198, 2
0x[000004AF] / 1199, 6
0x[000004B0] / 1200, 45347
0x[000004B1] / 1201, 13
0x[000004B2] / 1202, 2
0x[000004B3] / 1203, 2
0x[000004B4] / 1204, 15
0x[000004B6] / 1206, 1
0x[000004B8] / 1208, 68
0x[000004B9] / 1209, 1
0x[000004BB] / 1211, 1
0x[000004BC] / 1212, 4
0x[000004BD] / 1213, 2
0x[000004BF] / 1215, 3
0x[000004C0] / 1216, 896
0x[000004C1] / 1217, 4
0x[000004C4] / 1220, 5
0x[000004C5] / 1221, 4
0x[000004C7] / 1223, 1
0x[000004C8] / 1224, 11051
0x[000004C9] / 1225, 3
0x[000004CA] / 1226, 168
0x[000004CB] / 1227, 1
0x[000004CC] / 1228, 1250
0x[000004CD] / 1229, 1
0x[000004CE] / 1230, 1
0x[000004CF] / 1231, 1
0x[000004D0] / 1232, 3047
0x[000004D1] / 1233, 2
0x[000004D4] / 1236, 2
0x[000004D5] / 1237, 1
0x[000004D6] / 1238, 1
0x[000004D7] / 1239, 1
0x[000004D8] / 1240, 2
0x[000004D9] / 1241, 2
0x[000004DA] / 1242, 1
0x[000004DC] / 1244, 55
0x[000004DD] / 1245, 1
0x[000004DF] / 1247, 1
0x[000004E0] / 1248, 36
0x[000004E2] / 1250, 3
0x[000004E3] / 1251, 66
0x[000004E4] / 1252, 23
0x[000004E6] / 1254, 977
0x[000004E7] / 1255, 1
0x[000004E8] / 1256, 1
0x[000004E9] / 1257, 2
0x[000004EB] / 1259, 1
0x[000004EC] / 1260, 6
0x[000004ED] / 1261, 4
0x[000004EF] / 1263, 1
0x[000004F0] / 1264, 5
0x[000004F1] / 1265, 1
0x[000004F2] / 1266, 5
0x[000004F3] / 1267, 1
0x[000004F5] / 1269, 1
0x[000004F7] / 1271, 2
0x[000004F8] / 1272, 1
0x[000004F9] / 1273, 1
0x[000004FB] / 1275, 2
0x[000004FD] / 1277, 2
0x[000004FE] / 1278, 12
0x[000004FF] / 1279, 1
0x[00000500] / 1280, 1249
0x[00000501] / 1281, 1
0x[00000502] / 1282, 9
0x[00000503] / 1283, 2
0x[00000504] / 1284, 1
0x[00000505] / 1285, 1
0x[00000507] / 1287, 34
0x[00000508] / 1288, 4
0x[0000050A] / 1290, 1
0x[0000050C] / 1292, 1
0x[0000050D] / 1293, 1
0x[0000050F] / 1295, 1
0x[00000510] / 1296, 967
0x[00000512] / 1298, 1
0x[00000514] / 1300, 10
0x[00000515] / 1301, 7
0x[00000516] / 1302, 1
0x[00000518] / 1304, 2
0x[00000519] / 1305, 21
0x[0000051A] / 1306, 2
0x[0000051B] / 1307, 1
0x[0000051C] / 1308, 1
0x[0000051E] / 1310, 1
0x[0000051F] / 1311, 3
0x[00000520] / 1312, 75
0x[00000524] / 1316, 2
0x[00000528] / 1320, 4
0x[00000529] / 1321, 3
0x[0000052A] / 1322, 1
0x[0000052B] / 1323, 1
0x[0000052D] / 1325, 1
0x[0000052E] / 1326, 1
0x[0000052F] / 1327, 1
0x[00000530] / 1328, 2
0x[00000532] / 1330, 1
0x[00000535] / 1333, 6
0x[00000536] / 1334, 1
0x[00000537] / 1335, 1
0x[00000538] / 1336, 1
0x[00000539] / 1337, 5
0x[0000053A] / 1338, 1
0x[0000053B] / 1339, 1
0x[0000053D] / 1341, 2
0x[0000053F] / 1343, 4
0x[00000540] / 1344, 22
0x[00000541] / 1345, 3
0x[00000542] / 1346, 1
0x[00000543] / 1347, 2
0x[00000544] / 1348, 5
0x[00000546] / 1350, 2
0x[00000547] / 1351, 1
0x[00000549] / 1353, 1
0x[0000054A] / 1354, 3
0x[0000054C] / 1356, 1
0x[0000054D] / 1357, 1
0x[0000054E] / 1358, 1
0x[0000054F] / 1359, 1
0x[00000550] / 1360, 1731
0x[00000551] / 1361, 3
0x[00000553] / 1363, 3
0x[00000554] / 1364, 1
0x[00000555] / 1365, 81
0x[00000556] / 1366, 31
0x[00000557] / 1367, 1
0x[00000558] / 1368, 35
0x[0000055A] / 1370, 105
0x[0000055B] / 1371, 7
0x[0000055C] / 1372, 1
0x[0000055F] / 1375, 3
0x[00000560] / 1376, 147
0x[00000561] / 1377, 4
0x[00000562] / 1378, 4
0x[00000563] / 1379, 1
0x[00000564] / 1380, 119
0x[00000565] / 1381, 1
0x[00000566] / 1382, 2
0x[00000567] / 1383, 1
0x[00000568] / 1384, 1
0x[00000569] / 1385, 14
0x[0000056A] / 1386, 1
0x[0000056B] / 1387, 6
0x[0000056C] / 1388, 1
0x[0000056E] / 1390, 2
0x[0000056F] / 1391, 2
0x[00000570] / 1392, 29
0x[00000571] / 1393, 3
0x[00000572] / 1394, 150
0x[00000573] / 1395, 1
0x[00000574] / 1396, 1
0x[00000575] / 1397, 2
0x[00000576] / 1398, 1
0x[00000578] / 1400, 1
0x[00000579] / 1401, 3
0x[0000057A] / 1402, 2
0x[0000057B] / 1403, 1
0x[0000057C] / 1404, 1
0x[0000057F] / 1407, 1
0x[00000580] / 1408, 32
0x[00000581] / 1409, 3
0x[00000582] / 1410, 1
0x[00000584] / 1412, 2
0x[00000585] / 1413, 1
0x[00000586] / 1414, 1
0x[00000588] / 1416, 5
0x[00000589] / 1417, 3
0x[0000058A] / 1418, 1
0x[0000058B] / 1419, 1
0x[0000058E] / 1422, 3
0x[00000590] / 1424, 13
0x[00000592] / 1426, 22
0x[00000593] / 1427, 1
0x[00000597] / 1431, 1
0x[00000598] / 1432, 1
0x[0000059B] / 1435, 1
0x[0000059C] / 1436, 3
0x[0000059D] / 1437, 6
0x[0000059E] / 1438, 1
0x[0000059F] / 1439, 4
0x[000005A0] / 1440, 1256
0x[000005A1] / 1441, 1
0x[000005A2] / 1442, 3
0x[000005A4] / 1444, 3
0x[000005A5] / 1445, 5
0x[000005A7] / 1447, 2
0x[000005A8] / 1448, 22
0x[000005A9] / 1449, 3
0x[000005AA] / 1450, 2
0x[000005AB] / 1451, 6
0x[000005AC] / 1452, 13
0x[000005AD] / 1453, 1
0x[000005AE] / 1454, 2
0x[000005AF] / 1455, 1
0x[000005B0] / 1456, 1476
0x[000005B2] / 1458, 257
0x[000005B3] / 1459, 2
0x[000005B4] / 1460, 2
0x[000005B5] / 1461, 1
0x[000005B6] / 1462, 2
0x[000005B7] / 1463, 1
0x[000005B8] / 1464, 8
0x[000005B9] / 1465, 4
0x[000005BB] / 1467, 1
0x[000005BE] / 1470, 2
0x[000005BF] / 1471, 1
0x[000005C0] / 1472, 269
0x[000005C2] / 1474, 2
0x[000005C4] / 1476, 1
0x[000005C7] / 1479, 10
0x[000005C9] / 1481, 1
0x[000005CA] / 1482, 2
0x[000005CB] / 1483, 1
0x[000005CC] / 1484, 1
0x[000005CE] / 1486, 2
0x[000005D0] / 1488, 349
0x[000005D1] / 1489, 1
0x[000005D2] / 1490, 1
0x[000005D5] / 1493, 2
0x[000005D8] / 1496, 39
0x[000005DB] / 1499, 2
0x[000005DC] / 1500, 314
0x[000005DD] / 1501, 1
0x[000005DE] / 1502, 2
0x[000005DF] / 1503, 1
0x[000005E0] / 1504, 670
0x[000005E1] / 1505, 29
0x[000005E2] / 1506, 2
0x[000005E3] / 1507, 1
0x[000005E4] / 1508, 4
0x[000005E6] / 1510, 2
0x[000005E7] / 1511, 1
0x[000005E8] / 1512, 730
0x[000005E9] / 1513, 2
0x[000005EB] / 1515, 2
0x[000005EC] / 1516, 2
0x[000005ED] / 1517, 1
0x[000005EE] / 1518, 2
0x[000005EF] / 1519, 2
0x[000005F0] / 1520, 3466
0x[000005F1] / 1521, 1
0x[000005F2] / 1522, 2
0x[000005F3] / 1523, 15
0x[000005F4] / 1524, 1
0x[000005F5] / 1525, 2
0x[000005F6] / 1526, 3
0x[000005F7] / 1527, 4
0x[000005F9] / 1529, 9
0x[000005FA] / 1530, 329
0x[000005FC] / 1532, 11
0x[000005FD] / 1533, 2
0x[000005FE] / 1534, 3
0x[000005FF] / 1535, 170
0x[00000600] / 1536, 81428
0x[00000601] / 1537, 3
0x[00000602] / 1538, 1
0x[00000603] / 1539, 2
0x[00000604] / 1540, 1
0x[00000606] / 1542, 1
0x[00000607] / 1543, 2
0x[00000608] / 1544, 170
0x[00000609] / 1545, 25
0x[0000060A] / 1546, 4
0x[0000060B] / 1547, 5
0x[0000060D] / 1549, 1
0x[0000060F] / 1551, 2
0x[00000610] / 1552, 2143
0x[00000611] / 1553, 1
0x[00000612] / 1554, 6
0x[00000613] / 1555, 2
0x[00000614] / 1556, 5
0x[00000615] / 1557, 1
0x[00000616] / 1558, 1
0x[00000617] / 1559, 2
0x[00000618] / 1560, 12
0x[00000619] / 1561, 2
0x[0000061A] / 1562, 3
0x[0000061B] / 1563, 1
0x[0000061C] / 1564, 2
0x[0000061D] / 1565, 7
0x[0000061E] / 1566, 11
0x[00000620] / 1568, 456
0x[00000622] / 1570, 4
0x[00000623] / 1571, 5
0x[00000624] / 1572, 5
0x[00000625] / 1573, 1
0x[00000627] / 1575, 1
0x[00000628] / 1576, 9
0x[00000629] / 1577, 1
0x[0000062A] / 1578, 2
0x[0000062B] / 1579, 2
0x[0000062C] / 1580, 5
0x[0000062E] / 1582, 3
0x[0000062F] / 1583, 1
0x[00000630] / 1584, 761
0x[00000631] / 1585, 1
0x[00000632] / 1586, 16
0x[00000633] / 1587, 1
0x[00000634] / 1588, 2
0x[00000636] / 1590, 2
0x[00000637] / 1591, 2
0x[00000639] / 1593, 3
0x[0000063B] / 1595, 1
0x[0000063C] / 1596, 3
0x[0000063D] / 1597, 3
0x[0000063E] / 1598, 2
0x[0000063F] / 1599, 2
0x[00000640] / 1600, 5657
0x[00000642] / 1602, 174
0x[00000644] / 1604, 1
0x[00000645] / 1605, 1
0x[00000649] / 1609, 2
0x[0000064A] / 1610, 2
0x[0000064B] / 1611, 1
0x[0000064C] / 1612, 1
0x[0000064E] / 1614, 1
0x[00000650] / 1616, 5
0x[00000651] / 1617, 1
0x[00000654] / 1620, 18
0x[00000655] / 1621, 1
0x[00000656] / 1622, 1
0x[00000657] / 1623, 1
0x[00000658] / 1624, 50
0x[00000659] / 1625, 2
0x[0000065B] / 1627, 2
0x[0000065C] / 1628, 2
0x[0000065D] / 1629, 1
0x[0000065E] / 1630, 2
0x[0000065F] / 1631, 3
0x[00000660] / 1632, 1217
0x[00000662] / 1634, 2
0x[00000664] / 1636, 5
0x[00000665] / 1637, 1
0x[00000666] / 1638, 1
0x[00000667] / 1639, 1
0x[00000668] / 1640, 4
0x[0000066A] / 1642, 1
0x[0000066C] / 1644, 2
0x[0000066D] / 1645, 2
0x[0000066E] / 1646, 1
0x[0000066F] / 1647, 1
0x[00000670] / 1648, 8
0x[00000671] / 1649, 2
0x[00000673] / 1651, 1
0x[00000674] / 1652, 2
0x[00000675] / 1653, 1
0x[00000676] / 1654, 1
0x[00000678] / 1656, 50
0x[00000679] / 1657, 1
0x[0000067A] / 1658, 1
0x[0000067B] / 1659, 2
0x[0000067C] / 1660, 2
0x[0000067D] / 1661, 2
0x[0000067E] / 1662, 3
0x[0000067F] / 1663, 1
0x[00000680] / 1664, 46
0x[00000682] / 1666, 1
0x[00000683] / 1667, 3
0x[00000684] / 1668, 1
0x[00000685] / 1669, 3
0x[00000686] / 1670, 3
0x[00000688] / 1672, 81
0x[00000689] / 1673, 5
0x[0000068A] / 1674, 4
0x[0000068B] / 1675, 2
0x[0000068C] / 1676, 2
0x[0000068F] / 1679, 2
0x[00000690] / 1680, 638
0x[00000692] / 1682, 1
0x[00000694] / 1684, 2
0x[00000695] / 1685, 1
0x[00000696] / 1686, 1
0x[00000697] / 1687, 1
0x[00000698] / 1688, 62
0x[00000699] / 1689, 1
0x[0000069C] / 1692, 1
0x[0000069E] / 1694, 1
0x[0000069F] / 1695, 1
0x[000006A0] / 1696, 304
0x[000006A1] / 1697, 1
0x[000006A2] / 1698, 1
0x[000006A3] / 1699, 1
0x[000006A4] / 1700, 4
0x[000006A5] / 1701, 3
0x[000006A8] / 1704, 11934
0x[000006A9] / 1705, 1
0x[000006AC] / 1708, 3
0x[000006AD] / 1709, 1
0x[000006AE] / 1710, 2
0x[000006B0] / 1712, 6066
0x[000006B1] / 1713, 1
0x[000006B3] / 1715, 3
0x[000006B4] / 1716, 3
0x[000006B5] / 1717, 2
0x[000006B6] / 1718, 1
0x[000006B8] / 1720, 1
0x[000006BA] / 1722, 1
0x[000006BB] / 1723, 2
0x[000006BC] / 1724, 12
0x[000006BD] / 1725, 2
0x[000006BE] / 1726, 4
0x[000006C0] / 1728, 12093
0x[000006C1] / 1729, 5
0x[000006C2] / 1730, 4
0x[000006C3] / 1731, 1
0x[000006C4] / 1732, 2
0x[000006C5] / 1733, 2
0x[000006C6] / 1734, 1
0x[000006C7] / 1735, 1
0x[000006C8] / 1736, 7
0x[000006C9] / 1737, 1
0x[000006CB] / 1739, 1
0x[000006CC] / 1740, 8
0x[000006CD] / 1741, 1
0x[000006CE] / 1742, 1
0x[000006D0] / 1744, 392
0x[000006D1] / 1745, 5
0x[000006D2] / 1746, 289
0x[000006D3] / 1747, 1
0x[000006D4] / 1748, 1
0x[000006D6] / 1750, 2
0x[000006D7] / 1751, 1
0x[000006D8] / 1752, 9
0x[000006D9] / 1753, 2
0x[000006DA] / 1754, 1
0x[000006DB] / 1755, 1
0x[000006DD] / 1757, 4
0x[000006E0] / 1760, 851
0x[000006E1] / 1761, 1
0x[000006E2] / 1762, 4
0x[000006E4] / 1764, 2
0x[000006E5] / 1765, 2
0x[000006E7] / 1767, 2
0x[000006E8] / 1768, 204
0x[000006E9] / 1769, 1
0x[000006EA] / 1770, 2
0x[000006EB] / 1771, 1
0x[000006EC] / 1772, 1
0x[000006ED] / 1773, 4
0x[000006EE] / 1774, 12
0x[000006EF] / 1775, 3
0x[000006F0] / 1776, 8
0x[000006F1] / 1777, 3
0x[000006F3] / 1779, 1
0x[000006F5] / 1781, 2
0x[000006F7] / 1783, 2
0x[000006F8] / 1784, 3
0x[000006F9] / 1785, 1
0x[000006FA] / 1786, 2
0x[000006FB] / 1787, 1
0x[000006FC] / 1788, 2
0x[000006FD] / 1789, 1
0x[000006FF] / 1791, 80
0x[00000700] / 1792, 211
0x[00000701] / 1793, 2
0x[00000702] / 1794, 1
0x[00000703] / 1795, 2
0x[00000704] / 1796, 2
0x[00000708] / 1800, 276
0x[0000070A] / 1802, 1
0x[0000070C] / 1804, 2
0x[0000070D] / 1805, 2
0x[0000070E] / 1806, 2
0x[00000710] / 1808, 3
0x[00000712] / 1810, 1
0x[00000713] / 1811, 4
0x[00000714] / 1812, 1
0x[00000715] / 1813, 2
0x[00000717] / 1815, 2
0x[00000719] / 1817, 4
0x[0000071A] / 1818, 24
0x[0000071B] / 1819, 1
0x[0000071D] / 1821, 2
0x[0000071E] / 1822, 2
0x[0000071F] / 1823, 2
0x[00000720] / 1824, 817
0x[00000721] / 1825, 4
0x[00000722] / 1826, 1
0x[00000724] / 1828, 1
0x[00000725] / 1829, 2
0x[00000726] / 1830, 20
0x[00000728] / 1832, 512
0x[00000729] / 1833, 3
0x[0000072A] / 1834, 1
0x[0000072B] / 1835, 3
0x[0000072C] / 1836, 3308
0x[0000072D] / 1837, 1
0x[0000072E] / 1838, 2
0x[0000072F] / 1839, 1
0x[00000730] / 1840, 2801
0x[00000731] / 1841, 1
0x[00000732] / 1842, 2
0x[00000733] / 1843, 2
0x[00000734] / 1844, 1
0x[00000735] / 1845, 2
0x[00000736] / 1846, 1
0x[00000737] / 1847, 1
0x[00000738] / 1848, 4
0x[00000739] / 1849, 2
0x[0000073A] / 1850, 1
0x[0000073B] / 1851, 4
0x[0000073C] / 1852, 2
0x[0000073D] / 1853, 1
0x[0000073E] / 1854, 2
0x[00000740] / 1856, 956
0x[00000741] / 1857, 4
0x[00000743] / 1859, 2
0x[00000744] / 1860, 2
0x[00000745] / 1861, 3
0x[00000746] / 1862, 3
0x[00000747] / 1863, 1
0x[00000748] / 1864, 53
0x[00000749] / 1865, 1
0x[0000074A] / 1866, 1
0x[0000074B] / 1867, 3
0x[0000074C] / 1868, 3
0x[0000074E] / 1870, 2
0x[0000074F] / 1871, 1
0x[00000750] / 1872, 1469
0x[00000751] / 1873, 2
0x[00000753] / 1875, 28
0x[00000754] / 1876, 7
0x[00000755] / 1877, 3
0x[00000757] / 1879, 2
0x[00000758] / 1880, 980
0x[00000759] / 1881, 2
0x[0000075A] / 1882, 2
0x[0000075B] / 1883, 1
0x[0000075C] / 1884, 2
0x[0000075D] / 1885, 3
0x[0000075E] / 1886, 2
0x[0000075F] / 1887, 2
0x[00000760] / 1888, 3
0x[00000763] / 1891, 1
0x[00000765] / 1893, 1
0x[00000766] / 1894, 2
0x[00000767] / 1895, 1
0x[00000768] / 1896, 3
0x[0000076B] / 1899, 4
0x[0000076D] / 1901, 2
0x[0000076F] / 1903, 1
0x[00000770] / 1904, 18
0x[00000771] / 1905, 2
0x[00000773] / 1907, 5
0x[00000774] / 1908, 1
0x[00000778] / 1912, 2
0x[00000779] / 1913, 1
0x[0000077B] / 1915, 1
0x[0000077C] / 1916, 1
0x[0000077D] / 1917, 1
0x[0000077E] / 1918, 1
0x[0000077F] / 1919, 2
0x[00000780] / 1920, 27557
0x[00000781] / 1921, 2
0x[00000782] / 1922, 8
0x[00000783] / 1923, 1
0x[00000784] / 1924, 1
0x[00000785] / 1925, 1
0x[00000786] / 1926, 1
0x[00000787] / 1927, 1
0x[00000789] / 1929, 3
0x[0000078A] / 1930, 4
0x[0000078B] / 1931, 2
0x[0000078C] / 1932, 78
0x[0000078D] / 1933, 1
0x[0000078E] / 1934, 11
0x[0000078F] / 1935, 2
0x[00000790] / 1936, 31298
0x[00000791] / 1937, 12
0x[00000792] / 1938, 49
0x[00000793] / 1939, 2
0x[00000794] / 1940, 1
0x[00000796] / 1942, 1
0x[00000797] / 1943, 2
0x[00000798] / 1944, 55998
0x[0000079A] / 1946, 1
0x[0000079D] / 1949, 1
0x[0000079E] / 1950, 3
0x[0000079F] / 1951, 1
0x[000007A0] / 1952, 2697
0x[000007A2] / 1954, 1
0x[000007A3] / 1955, 1
0x[000007A4] / 1956, 4
0x[000007A5] / 1957, 2
0x[000007A6] / 1958, 2
0x[000007A8] / 1960, 2
0x[000007AA] / 1962, 2
0x[000007AB] / 1963, 2
0x[000007AC] / 1964, 4
0x[000007AD] / 1965, 1
0x[000007AE] / 1966, 1
0x[000007AF] / 1967, 2
0x[000007B0] / 1968, 236
0x[000007B1] / 1969, 1
0x[000007B2] / 1970, 2
0x[000007B3] / 1971, 1
0x[000007B4] / 1972, 1
0x[000007B5] / 1973, 1
0x[000007B6] / 1974, 4
0x[000007B8] / 1976, 2
0x[000007BA] / 1978, 2
0x[000007BB] / 1979, 1
0x[000007BE] / 1982, 1
0x[000007BF] / 1983, 2
0x[000007C0] / 1984, 83
0x[000007C1] / 1985, 2
0x[000007C2] / 1986, 1
0x[000007C4] / 1988, 1
0x[000007C6] / 1990, 1
0x[000007C9] / 1993, 1
0x[000007CA] / 1994, 1
0x[000007CB] / 1995, 1
0x[000007CC] / 1996, 6
0x[000007CE] / 1998, 42
0x[000007CF] / 1999, 2
0x[000007D0] / 2000, 7793
0x[000007D1] / 2001, 1
0x[000007D4] / 2004, 4
0x[000007D5] / 2005, 6
0x[000007D6] / 2006, 15
0x[000007D7] / 2007, 1
0x[000007D8] / 2008, 67
0x[000007D9] / 2009, 1
0x[000007DA] / 2010, 2
0x[000007DC] / 2012, 14
0x[000007DE] / 2014, 2
0x[000007DF] / 2015, 1
0x[000007E0] / 2016, 941
0x[000007E1] / 2017, 2
0x[000007E2] / 2018, 2
0x[000007E3] / 2019, 2
0x[000007E4] / 2020, 4
0x[000007E5] / 2021, 1
0x[000007E6] / 2022, 1
0x[000007E7] / 2023, 1
0x[000007E8] / 2024, 3
0x[000007E9] / 2025, 4
0x[000007EA] / 2026, 3
0x[000007EB] / 2027, 1
0x[000007EC] / 2028, 1
0x[000007ED] / 2029, 1
0x[000007EE] / 2030, 2
0x[000007EF] / 2031, 2
0x[000007F0] / 2032, 498
0x[000007F1] / 2033, 1
0x[000007F2] / 2034, 2
0x[000007F3] / 2035, 1
0x[000007F5] / 2037, 4
0x[000007F6] / 2038, 1
0x[000007F7] / 2039, 2
0x[000007F8] / 2040, 29
0x[000007FB] / 2043, 6
0x[000007FC] / 2044, 1
0x[000007FD] / 2045, 5
0x[000007FE] / 2046, 1
0x[000007FF] / 2047, 12
0x[00000800] / 2048, 11886
0x[00000804] / 2052, 74
0x[00000805] / 2053, 2
0x[00000807] / 2055, 1
0x[00000808] / 2056, 3531
0x[00000809] / 2057, 3
0x[0000080A] / 2058, 17
0x[0000080B] / 2059, 1
0x[0000080E] / 2062, 2
0x[00000810] / 2064, 207
0x[00000811] / 2065, 1
0x[00000812] / 2066, 1
0x[00000813] / 2067, 4
0x[00000814] / 2068, 2
0x[00000815] / 2069, 1
0x[00000816] / 2070, 15
0x[00000817] / 2071, 3
0x[00000818] / 2072, 5
0x[00000819] / 2073, 2
0x[0000081A] / 2074, 1
0x[0000081B] / 2075, 15
0x[0000081C] / 2076, 2
0x[0000081F] / 2079, 1
0x[00000820] / 2080, 26
0x[00000821] / 2081, 3
0x[00000823] / 2083, 1
0x[00000825] / 2085, 1
0x[00000826] / 2086, 1
0x[00000828] / 2088, 530
0x[0000082B] / 2091, 1
0x[0000082C] / 2092, 1
0x[0000082E] / 2094, 3
0x[00000830] / 2096, 4
0x[00000831] / 2097, 1
0x[00000832] / 2098, 2
0x[00000833] / 2099, 5
0x[00000834] / 2100, 2
0x[00000836] / 2102, 1
0x[00000837] / 2103, 1
0x[00000838] / 2104, 1
0x[00000839] / 2105, 3
0x[0000083B] / 2107, 1
0x[0000083C] / 2108, 4
0x[0000083D] / 2109, 1
0x[00000840] / 2112, 21427
0x[00000841] / 2113, 1
0x[00000842] / 2114, 1
0x[00000843] / 2115, 1
0x[00000845] / 2117, 2
0x[00000846] / 2118, 4
0x[00000848] / 2120, 218
0x[00000849] / 2121, 2
0x[0000084A] / 2122, 2
0x[0000084C] / 2124, 2
0x[0000084D] / 2125, 1
0x[0000084F] / 2127, 3
0x[00000850] / 2128, 423
0x[00000852] / 2130, 2
0x[00000853] / 2131, 5
0x[00000855] / 2133, 1
0x[00000856] / 2134, 684
0x[00000857] / 2135, 1
0x[00000858] / 2136, 2674
0x[00000859] / 2137, 3
0x[0000085B] / 2139, 1
0x[0000085C] / 2140, 2
0x[0000085D] / 2141, 1
0x[00000860] / 2144, 420
0x[00000864] / 2148, 1
0x[00000865] / 2149, 1
0x[00000866] / 2150, 1
0x[00000868] / 2152, 2
0x[00000869] / 2153, 2
0x[0000086D] / 2157, 2
0x[00000870] / 2160, 4471
0x[00000871] / 2161, 1
0x[00000872] / 2162, 2
0x[00000875] / 2165, 26
0x[00000876] / 2166, 1
0x[00000877] / 2167, 1
0x[0000087B] / 2171, 1
0x[0000087C] / 2172, 1
0x[0000087D] / 2173, 2
0x[0000087E] / 2174, 1
0x[00000880] / 2176, 3021
0x[00000883] / 2179, 1
0x[00000884] / 2180, 1
0x[00000885] / 2181, 1
0x[00000887] / 2183, 1
0x[00000888] / 2184, 7
0x[00000889] / 2185, 1
0x[0000088A] / 2186, 1
0x[0000088B] / 2187, 1
0x[0000088D] / 2189, 10
0x[00000892] / 2194, 1
0x[00000893] / 2195, 1
0x[00000894] / 2196, 5
0x[00000898] / 2200, 2
0x[0000089C] / 2204, 643
0x[0000089F] / 2207, 1
0x[000008A0] / 2208, 14
0x[000008A1] / 2209, 1
0x[000008A8] / 2216, 7
0x[000008A9] / 2217, 54
0x[000008AE] / 2222, 2
0x[000008AF] / 2223, 2
0x[000008B0] / 2224, 332
0x[000008B1] / 2225, 2
0x[000008B2] / 2226, 8
0x[000008B3] / 2227, 1
0x[000008B5] / 2229, 2
0x[000008B8] / 2232, 2258
0x[000008BB] / 2235, 2
0x[000008BC] / 2236, 1
0x[000008BE] / 2238, 2
0x[000008C0] / 2240, 410
0x[000008C2] / 2242, 4
0x[000008C3] / 2243, 1
0x[000008C5] / 2245, 1
0x[000008C8] / 2248, 3331
0x[000008C9] / 2249, 1
0x[000008CA] / 2250, 1594
0x[000008CB] / 2251, 1
0x[000008CC] / 2252, 2
0x[000008CE] / 2254, 1
0x[000008D0] / 2256, 140
0x[000008D1] / 2257, 1
0x[000008D4] / 2260, 1
0x[000008D5] / 2261, 1
0x[000008D6] / 2262, 1
0x[000008D8] / 2264, 3
0x[000008D9] / 2265, 2
0x[000008DA] / 2266, 7
0x[000008DB] / 2267, 1
0x[000008DE] / 2270, 1
0x[000008DF] / 2271, 2
0x[000008E0] / 2272, 2073
0x[000008E4] / 2276, 6
0x[000008E5] / 2277, 1
0x[000008E6] / 2278, 1
0x[000008E8] / 2280, 1
0x[000008E9] / 2281, 1
0x[000008EB] / 2283, 1
0x[000008EC] / 2284, 1
0x[000008ED] / 2285, 1
0x[000008EE] / 2286, 2
0x[000008EF] / 2287, 1
0x[000008F0] / 2288, 400
0x[000008F2] / 2290, 1
0x[000008F3] / 2291, 1
0x[000008F4] / 2292, 100
0x[000008F5] / 2293, 3
0x[000008F6] / 2294, 1
0x[000008F8] / 2296, 321
0x[000008FB] / 2299, 1
0x[000008FE] / 2302, 1
0x[000008FF] / 2303, 2
0x[00000900] / 2304, 37675
0x[00000902] / 2306, 1
0x[00000904] / 2308, 3
0x[00000905] / 2309, 19
0x[00000906] / 2310, 2
0x[00000907] / 2311, 1
0x[00000908] / 2312, 2
0x[0000090B] / 2315, 1
0x[0000090C] / 2316, 1
0x[0000090E] / 2318, 1
0x[00000910] / 2320, 2
0x[00000911] / 2321, 1
0x[00000912] / 2322, 4098
0x[00000916] / 2326, 1
0x[00000918] / 2328, 209
0x[0000091B] / 2331, 1
0x[0000091C] / 2332, 135
0x[0000091D] / 2333, 1
0x[00000920] / 2336, 95
0x[00000922] / 2338, 2
0x[00000923] / 2339, 7
0x[00000924] / 2340, 363
0x[00000928] / 2344, 2
0x[00000929] / 2345, 1
0x[0000092C] / 2348, 2
0x[0000092E] / 2350, 2
0x[00000930] / 2352, 983
0x[00000932] / 2354, 5
0x[00000933] / 2355, 2
0x[00000934] / 2356, 2
0x[00000936] / 2358, 1
0x[00000938] / 2360, 3
0x[0000093A] / 2362, 1
0x[0000093C] / 2364, 1
0x[0000093D] / 2365, 3
0x[0000093E] / 2366, 1
0x[00000940] / 2368, 2183
0x[00000942] / 2370, 2
0x[00000944] / 2372, 1
0x[00000946] / 2374, 2
0x[00000947] / 2375, 2
0x[00000948] / 2376, 2145
0x[0000094A] / 2378, 1
0x[0000094C] / 2380, 2
0x[0000094E] / 2382, 1
0x[00000950] / 2384, 2
0x[00000953] / 2387, 2
0x[00000954] / 2388, 1
0x[00000956] / 2390, 2
0x[0000095C] / 2396, 2
0x[0000095F] / 2399, 2
0x[00000960] / 2400, 978
0x[00000961] / 2401, 1
0x[00000963] / 2403, 1
0x[00000966] / 2406, 2
0x[00000967] / 2407, 2
0x[00000968] / 2408, 1
0x[00000969] / 2409, 1
0x[0000096A] / 2410, 2
0x[0000096C] / 2412, 7
0x[0000096F] / 2415, 1
0x[00000970] / 2416, 278
0x[00000972] / 2418, 4
0x[00000974] / 2420, 2
0x[00000975] / 2421, 20
0x[00000977] / 2423, 1
0x[00000978] / 2424, 49
0x[0000097B] / 2427, 1
0x[0000097E] / 2430, 4
0x[00000980] / 2432, 4197
0x[00000981] / 2433, 102
0x[00000982] / 2434, 2
0x[00000984] / 2436, 1
0x[00000986] / 2438, 3
0x[0000098A] / 2442, 58
0x[0000098B] / 2443, 30
0x[0000098C] / 2444, 1
0x[0000098D] / 2445, 1
0x[0000098E] / 2446, 12
0x[00000990] / 2448, 114313
0x[00000991] / 2449, 18
0x[00000992] / 2450, 1
0x[00000993] / 2451, 1
0x[00000994] / 2452, 1
0x[00000995] / 2453, 3
0x[00000996] / 2454, 3
0x[00000998] / 2456, 209
0x[0000099B] / 2459, 1
0x[0000099C] / 2460, 318
0x[0000099D] / 2461, 1
0x[0000099F] / 2463, 1
0x[000009A0] / 2464, 18
0x[000009A2] / 2466, 1
0x[000009A4] / 2468, 1
0x[000009A5] / 2469, 1
0x[000009A8] / 2472, 735
0x[000009AA] / 2474, 1
0x[000009AE] / 2478, 1
0x[000009B0] / 2480, 81
0x[000009B2] / 2482, 1
0x[000009B4] / 2484, 1
0x[000009BC] / 2492, 1
0x[000009BF] / 2495, 1
0x[000009C0] / 2496, 48
0x[000009C2] / 2498, 1
0x[000009C4] / 2500, 5
0x[000009C5] / 2501, 1
0x[000009C8] / 2504, 5
0x[000009C9] / 2505, 1
0x[000009CA] / 2506, 2
0x[000009CD] / 2509, 1
0x[000009CE] / 2510, 2
0x[000009D2] / 2514, 1
0x[000009D4] / 2516, 1
0x[000009D5] / 2517, 2
0x[000009D8] / 2520, 2664
0x[000009DA] / 2522, 1
0x[000009DC] / 2524, 1
0x[000009DE] / 2526, 1
0x[000009E0] / 2528, 3
0x[000009E2] / 2530, 30
0x[000009E4] / 2532, 1
0x[000009E5] / 2533, 1
0x[000009E7] / 2535, 1
0x[000009EB] / 2539, 1
0x[000009EC] / 2540, 2
0x[000009EE] / 2542, 2
0x[000009EF] / 2543, 1
0x[000009F0] / 2544, 68
0x[000009F4] / 2548, 4
0x[000009F7] / 2551, 2
0x[000009FA] / 2554, 1
0x[00000A00] / 2560, 2131
0x[00000A02] / 2562, 2
0x[00000A04] / 2564, 1
0x[00000A05] / 2565, 4
0x[00000A06] / 2566, 1
0x[00000A08] / 2568, 35
0x[00000A0D] / 2573, 1
0x[00000A10] / 2576, 1536
0x[00000A14] / 2580, 3
0x[00000A16] / 2582, 5
0x[00000A17] / 2583, 1
0x[00000A18] / 2584, 81
0x[00000A1B] / 2587, 3
0x[00000A1D] / 2589, 2
0x[00000A1E] / 2590, 5
0x[00000A1F] / 2591, 1
0x[00000A20] / 2592, 32010
0x[00000A21] / 2593, 1
0x[00000A24] / 2596, 1
0x[00000A25] / 2597, 1
0x[00000A26] / 2598, 1
0x[00000A27] / 2599, 1
0x[00000A2C] / 2604, 87
0x[00000A2D] / 2605, 1
0x[00000A30] / 2608, 10
0x[00000A34] / 2612, 1
0x[00000A35] / 2613, 2
0x[00000A38] / 2616, 370
0x[00000A3E] / 2622, 1
0x[00000A3F] / 2623, 1
0x[00000A40] / 2624, 387
0x[00000A43] / 2627, 2
0x[00000A44] / 2628, 20
0x[00000A46] / 2630, 1
0x[00000A47] / 2631, 1
0x[00000A48] / 2632, 3
0x[00000A4D] / 2637, 1
0x[00000A4E] / 2638, 2
0x[00000A4F] / 2639, 4
0x[00000A50] / 2640, 5
0x[00000A54] / 2644, 1
0x[00000A55] / 2645, 1
0x[00000A57] / 2647, 3
0x[00000A58] / 2648, 243
0x[00000A5B] / 2651, 1
0x[00000A5C] / 2652, 11
0x[00000A60] / 2656, 508
0x[00000A64] / 2660, 11
0x[00000A68] / 2664, 401
0x[00000A69] / 2665, 1
0x[00000A6A] / 2666, 2
0x[00000A6B] / 2667, 1
0x[00000A6C] / 2668, 1
0x[00000A70] / 2672, 2069
0x[00000A71] / 2673, 1
0x[00000A74] / 2676, 4
0x[00000A76] / 2678, 1
0x[00000A78] / 2680, 1
0x[00000A79] / 2681, 1
0x[00000A7C] / 2684, 2
0x[00000A7D] / 2685, 1
0x[00000A7E] / 2686, 2
0x[00000A80] / 2688, 2375
0x[00000A86] / 2694, 1
0x[00000A87] / 2695, 1
0x[00000A88] / 2696, 1
0x[00000A8C] / 2700, 1
0x[00000A8F] / 2703, 1
0x[00000A90] / 2704, 1
0x[00000A98] / 2712, 8
0x[00000A99] / 2713, 100
0x[00000A9B] / 2715, 1
0x[00000A9C] / 2716, 1
0x[00000A9F] / 2719, 1
0x[00000AA0] / 2720, 2
0x[00000AA1] / 2721, 16
0x[00000AA2] / 2722, 85
0x[00000AA5] / 2725, 1
0x[00000AA8] / 2728, 7
0x[00000AA9] / 2729, 2
0x[00000AAA] / 2730, 5
0x[00000AAB] / 2731, 5
0x[00000AAC] / 2732, 1
0x[00000AAE] / 2734, 1
0x[00000AAF] / 2735, 2
0x[00000AB0] / 2736, 47200
0x[00000AB2] / 2738, 1
0x[00000AB5] / 2741, 2
0x[00000ABC] / 2748, 485
0x[00000ABF] / 2751, 1
0x[00000AC0] / 2752, 461
0x[00000AC2] / 2754, 68
0x[00000AC5] / 2757, 1
0x[00000AC6] / 2758, 2
0x[00000AC8] / 2760, 2826
0x[00000AC9] / 2761, 1
0x[00000ACA] / 2762, 1
0x[00000ACF] / 2767, 1
0x[00000AD0] / 2768, 2
0x[00000AD1] / 2769, 1
0x[00000AD2] / 2770, 2
0x[00000AD6] / 2774, 5
0x[00000AD7] / 2775, 1
0x[00000AD8] / 2776, 9
0x[00000AD9] / 2777, 1
0x[00000AE0] / 2784, 412
0x[00000AE2] / 2786, 2
0x[00000AE7] / 2791, 1
0x[00000AEC] / 2796, 1
0x[00000AF0] / 2800, 183
0x[00000AF1] / 2801, 1
0x[00000AF5] / 2805, 1
0x[00000AF7] / 2807, 1
0x[00000AFB] / 2811, 1
0x[00000B00] / 2816, 2194
0x[00000B03] / 2819, 1
0x[00000B06] / 2822, 2
0x[00000B08] / 2824, 1
0x[00000B0A] / 2826, 2
0x[00000B10] / 2832, 437
0x[00000B12] / 2834, 1
0x[00000B16] / 2838, 6
0x[00000B17] / 2839, 1
0x[00000B1B] / 2843, 1
0x[00000B1F] / 2847, 2
0x[00000B20] / 2848, 4117
0x[00000B22] / 2850, 1
0x[00000B24] / 2852, 78
0x[00000B25] / 2853, 1
0x[00000B28] / 2856, 726
0x[00000B2F] / 2863, 2
0x[00000B30] / 2864, 21
0x[00000B34] / 2868, 1
0x[00000B36] / 2870, 2
0x[00000B38] / 2872, 1
0x[00000B3A] / 2874, 1
0x[00000B3C] / 2876, 1
0x[00000B40] / 2880, 1614
0x[00000B44] / 2884, 1
0x[00000B46] / 2886, 1
0x[00000B47] / 2887, 8
0x[00000B4A] / 2890, 1
0x[00000B4C] / 2892, 2
0x[00000B4E] / 2894, 7
0x[00000B4F] / 2895, 1
0x[00000B50] / 2896, 138
0x[00000B54] / 2900, 1
0x[00000B57] / 2903, 1
0x[00000B58] / 2904, 1
0x[00000B59] / 2905, 1
0x[00000B5B] / 2907, 2
0x[00000B60] / 2912, 19
0x[00000B64] / 2916, 33
0x[00000B65] / 2917, 1
0x[00000B68] / 2920, 172
0x[00000B6A] / 2922, 1
0x[00000B6B] / 2923, 1
0x[00000B6C] / 2924, 13
0x[00000B71] / 2929, 3
0x[00000B72] / 2930, 7
0x[00000B75] / 2933, 2
0x[00000B76] / 2934, 4
0x[00000B77] / 2935, 1
0x[00000B78] / 2936, 8
0x[00000B7A] / 2938, 1
0x[00000B7C] / 2940, 179
0x[00000B7D] / 2941, 1
0x[00000B80] / 2944, 13
0x[00000B83] / 2947, 1
0x[00000B84] / 2948, 1
0x[00000B88] / 2952, 39
0x[00000B8A] / 2954, 1
0x[00000B8B] / 2955, 1
0x[00000B8C] / 2956, 1
0x[00000B8E] / 2958, 2
0x[00000B8F] / 2959, 1
0x[00000B96] / 2966, 4
0x[00000B98] / 2968, 2
0x[00000B9C] / 2972, 1
0x[00000BA0] / 2976, 2821
0x[00000BA1] / 2977, 1
0x[00000BA4] / 2980, 1
0x[00000BA5] / 2981, 2
0x[00000BA8] / 2984, 3
0x[00000BAA] / 2986, 1
0x[00000BAC] / 2988, 565
0x[00000BAD] / 2989, 1
0x[00000BAF] / 2991, 1
0x[00000BB0] / 2992, 45
0x[00000BB4] / 2996, 3
0x[00000BB5] / 2997, 1
0x[00000BB8] / 3000, 33933
0x[00000BB9] / 3001, 1
0x[00000BBE] / 3006, 1
0x[00000BC0] / 3008, 543
0x[00000BC6] / 3014, 2
0x[00000BC8] / 3016, 1
0x[00000BCC] / 3020, 4
0x[00000BCF] / 3023, 1
0x[00000BD0] / 3024, 10152
0x[00000BD1] / 3025, 1
0x[00000BDB] / 3035, 39
0x[00000BDC] / 3036, 56
0x[00000BE0] / 3040, 248
0x[00000BE4] / 3044, 5
0x[00000BEE] / 3054, 1
0x[00000BF0] / 3056, 6453
0x[00000BF4] / 3060, 1
0x[00000BF9] / 3065, 1
0x[00000C00] / 3072, 5260
0x[00000C04] / 3076, 1
0x[00000C08] / 3080, 211
0x[00000C0F] / 3087, 3
0x[00000C10] / 3088, 104
0x[00000C13] / 3091, 21
0x[00000C16] / 3094, 1
0x[00000C18] / 3096, 2360
0x[00000C1C] / 3100, 1
0x[00000C20] / 3104, 845
0x[00000C24] / 3108, 2
0x[00000C29] / 3113, 1
0x[00000C2E] / 3118, 1
0x[00000C30] / 3120, 540
0x[00000C34] / 3124, 1
0x[00000C37] / 3127, 1
0x[00000C3F] / 3135, 1
0x[00000C40] / 3136, 468
0x[00000C4F] / 3151, 1
0x[00000C55] / 3157, 1
0x[00000C60] / 3168, 1377
0x[00000C61] / 3169, 1
0x[00000C68] / 3176, 1
0x[00000C69] / 3177, 1
0x[00000C70] / 3184, 5
0x[00000C77] / 3191, 1
0x[00000C79] / 3193, 1
0x[00000C80] / 3200, 22
0x[00000C87] / 3207, 1
0x[00000C8D] / 3213, 1
0x[00000C90] / 3216, 3798
0x[00000C93] / 3219, 1
0x[00000C98] / 3224, 1
0x[00000C99] / 3225, 1
0x[00000CA0] / 3232, 1
0x[00000CA2] / 3234, 1
0x[00000CA8] / 3240, 13323
0x[00000CAF] / 3247, 2
0x[00000CB0] / 3248, 17
0x[00000CB2] / 3250, 2
0x[00000CC0] / 3264, 25609
0x[00000CC1] / 3265, 1
0x[00000CC5] / 3269, 1
0x[00000CC8] / 3272, 1
0x[00000CD0] / 3280, 63
0x[00000CD6] / 3286, 1
0x[00000CD7] / 3287, 1
0x[00000CD8] / 3288, 15
0x[00000CE0] / 3296, 46
0x[00000CF0] / 3312, 127
0x[00000CF1] / 3313, 1
0x[00000CF2] / 3314, 1
0x[00000CF9] / 3321, 1
0x[00000D00] / 3328, 15
0x[00000D04] / 3332, 3
0x[00000D0E] / 3342, 2
0x[00000D12] / 3346, 25
0x[00000D19] / 3353, 1
0x[00000D20] / 3360, 8
0x[00000D29] / 3369, 1
0x[00000D2D] / 3373, 1
0x[00000D2F] / 3375, 10
0x[00000D30] / 3376, 3815
0x[00000D37] / 3383, 1
0x[00000D38] / 3384, 51
0x[00000D3E] / 3390, 1
0x[00000D46] / 3398, 1
0x[00000D50] / 3408, 22
0x[00000D60] / 3424, 11
0x[00000D62] / 3426, 8
0x[00000D68] / 3432, 1
0x[00000D6E] / 3438, 1
0x[00000D70] / 3440, 14
0x[00000D76] / 3446, 1
0x[00000D78] / 3448, 1538
0x[00000D7A] / 3450, 1
0x[00000D80] / 3456, 15630
0x[00000D85] / 3461, 1
0x[00000D88] / 3464, 4
0x[00000D8D] / 3469, 1
0x[00000D90] / 3472, 2
0x[00000D91] / 3473, 1
0x[00000D98] / 3480, 2
0x[00000DA0] / 3488, 40
0x[00000DA4] / 3492, 7
0x[00000DA8] / 3496, 1
0x[00000DAB] / 3499, 1
0x[00000DB0] / 3504, 74
0x[00000DB8] / 3512, 1
0x[00000DCD] / 3533, 8
0x[00000DDC] / 3548, 1
0x[00000DE0] / 3552, 412
0x[00000DE9] / 3561, 1
0x[00000DF0] / 3568, 8
0x[00000DF3] / 3571, 1
0x[00000DF4] / 3572, 1
0x[00000DFF] / 3583, 3
0x[00000E00] / 3584, 5
0x[00000E06] / 3590, 4
0x[00000E10] / 3600, 4
0x[00000E20] / 3616, 68
0x[00000E30] / 3632, 343
0x[00000E32] / 3634, 1
0x[00000E37] / 3639, 1
0x[00000E3B] / 3643, 1
0x[00000E3C] / 3644, 1
0x[00000E40] / 3648, 6983
0x[00000E41] / 3649, 62
0x[00000E50] / 3664, 23
0x[00000E58] / 3672, 10600
0x[00000E60] / 3680, 92
0x[00000E64] / 3684, 66
0x[00000E70] / 3696, 9
0x[00000E72] / 3698, 1
0x[00000EA3] / 3747, 1
0x[00000EC0] / 3776, 42
0x[00000ED1] / 3793, 1
0x[00000EFA] / 3834, 1
0x[00000F00] / 3840, 217
0x[00000F0F] / 3855, 1
0x[00000F18] / 3864, 38
0x[00000F20] / 3872, 488
0x[00000F30] / 3888, 1066
0x[00000F57] / 3927, 1
0x[00000F60] / 3936, 27
0x[00000F80] / 3968, 37
0x[00000F90] / 3984, 7
0x[00000FA0] / 4000, 5696
0x[00000FB0] / 4016, 2
0x[00000FC0] / 4032, 680
0x[00000FC8] / 4040, 1
0x[00000FD0] / 4048, 35
0x[00001000] / 4096, 178
0x[00001004] / 4100, 1
0x[00001008] / 4104, 62
0x[00001018] / 4120, 1
0x[00001020] / 4128, 1
0x[00001040] / 4160, 133
0x[00001070] / 4208, 188
0x[00001080] / 4224, 137
0x[00001090] / 4240, 3
0x[000010A0] / 4256, 12
0x[000010B0] / 4272, 69
0x[000010C0] / 4288, 177
0x[000010E0] / 4320, 679
0x[00001102] / 4354, 740
0x[00001110] / 4368, 1
0x[00001130] / 4400, 1
0x[00001140] / 4416, 4
0x[00001195] / 4501, 1
0x[000011AF] / 4527, 1
0x[000011F0] / 4592, 108
0x[00001200] / 4608, 123
0x[00001240] / 4672, 11
0x[0000124A] / 4682, 1
0x[00001290] / 4752, 10
0x[00001298] / 4760, 42
0x[000012CF] / 4815, 43
0x[00001300] / 4864, 6
0x[00001320] / 4896, 20
0x[00001330] / 4912, 25
0x[00001340] / 4928, 109
0x[00001360] / 4960, 1
0x[00001370] / 4976, 1
0x[00001383] / 4995, 1
0x[00001440] / 5184, 9
0x[00001460] / 5216, 5
0x[00001480] / 5248, 2
0x[000014C0] / 5312, 12
0x[000014F0] / 5360, 2
0x[000014F8] / 5368, 328
0x[00001550] / 5456, 12
0x[00001560] / 5472, 31
0x[00001587] / 5511, 1
0x[00001770] / 6000, 74
0x[00001920] / 6432, 1
0x[00001BE0] / 7136, 1
0x[00001BF0] / 7152, 65
0x[00001E30] / 7728, 97
0x[0000FFFF] / 65535, 15
0x[B00A0000] / 2953445376, 1
1000, 182
1003, 2
1004, 1
1005, 1
1006, 2
1007, 3
1008, 20
1009, 4
1010, 2
1012, 2
1013, 1
1014, 1
1015, 1
1016, 2
1017, 2
1018, 1
1019, 3
1020, 2
1022, 1
1023, 2
1024, 1593
1025, 2
1026, 3
1027, 1
1028, 3
1029, 2
1031, 2
1032, 6
1033, 2
1034, 3
1035, 1
1036, 5
1037, 4
1038, 2
1039, 3
1040, 3
1043, 2
1044, 4
1045, 4
1048, 2
1049, 1
1051, 1
1052, 3
1053, 1
1054, 2
1055, 2
1056, 1
1057, 3
1058, 2
1060, 5
1061, 4
1064, 1
1065, 1
1066, 51
1067, 8
1068, 1
1069, 2
1070, 1
1071, 1
1073, 2
1075, 1
1076, 6
1077, 2
1078, 2
1079, 2
1080, 273
1081, 1
1082, 3
1083, 6
1084, 3
1086, 1
1087, 1
1088, 1
1090, 3
1091, 2
1092, 1
1093, 1
1094, 1
1095, 40
1096, 1
1098, 3
1099, 2
1100, 2
1102, 1
1103, 1
1104, 3
1105, 1
1106, 4
1107, 3
1109, 1
1110, 2
1112, 2
1113, 4
1114, 5
1117, 1
1119, 4
1120, 4
1121, 3
1122, 284
1123, 5
1124, 2
1125, 2
1126, 1
1127, 1
1128, 3
1129, 4
1130, 3
1131, 2
1133, 2
1134, 1
1135, 1
1137, 1
1139, 8
1140, 1
1143, 1
1145, 1
1146, 3
1148, 1
1149, 2
1150, 3
1151, 2
1152, 1492
1153, 2
1154, 2
1155, 3
1156, 2
1159, 1
1160, 5
1161, 1
1162, 2
1164, 26
1166, 1
1167, 4
1168, 569
1169, 2
1171, 1
1172, 2
1175, 7
1176, 2
1177, 2
1181, 1
1182, 2
1183, 3
1184, 2
1185, 1
1186, 1
1188, 1
1190, 2
1191, 6
1192, 7
1195, 2
1196, 1
1198, 4
1199, 4
120, 8
1200, 35553
1201, 1
1203, 3
1206, 2
1207, 1
1208, 1
1209, 1
1210, 1
1212, 4
1213, 4
1216, 15
1217, 1
1220, 1
1221, 5
1223, 1
1224, 10
1226, 2
1228, 2
1229, 123
1230, 1
1231, 3
1233, 1
1234, 1
1235, 1
1236, 1
1242, 283
1244, 5
1245, 1
1248, 3
1249, 1
1250, 1
1251, 1
1252, 4
1255, 3
1257, 1
1258, 1
1259, 3
1261, 1
1265, 1
1267, 7
1268, 4
1269, 2
1270, 3
1271, 1
1272, 4
1275, 1
1277, 2
1279, 1
1280, 198
1281, 1
1282, 1
1283, 5
1287, 1
1288, 1519
1289, 2
1290, 3
1293, 1
1295, 1
1296, 1738
1297, 3
1298, 3
1299, 2
1300, 4
1301, 1
1303, 1
1305, 1
1306, 1
1307, 1
1308, 1
1309, 2
1310, 1
1312, 143
1313, 4
1320, 18
1323, 2
1327, 1
1329, 3
1330, 8
1331, 1
1333, 8
1334, 2
1336, 1
1337, 2
1338, 2
1340, 1
1341, 1
1342, 1
1344, 135
1345, 4
1346, 1
1347, 3
1348, 2
1349, 1
1350, 3
1351, 3
1352, 4
1353, 2
1354, 126
1355, 1
1357, 1
1358, 1
1359, 3
1360, 1322
1362, 1
1363, 5
1364, 1
1365, 28
1367, 3
1368, 715
1369, 3
1372, 1
1374, 2
1375, 5
1377, 1
1378, 1
1379, 1
1381, 1
1382, 6
1383, 23
1385, 1
1388, 1
1389, 1
1390, 5
1391, 1
1392, 51
1394, 1
1396, 1
1398, 1
1400, 2
1401, 2
1403, 2
1405, 2
1408, 7
1410, 1
1412, 1
1413, 2
1414, 1
1415, 2
1416, 27
1419, 1
1420, 1
1421, 2
1422, 1
1423, 1
1424, 1366
1425, 2
1426, 2
1427, 1
1428, 2
1429, 2
1430, 1
1431, 3
1432, 2
1434, 3
1435, 1
1436, 8
1439, 5
144, 1
1440, 628
1442, 1
1443, 2
1444, 3
1445, 1
1446, 1
1447, 2
1448, 1
1451, 3
1452, 2
1453, 2
1454, 1
1455, 2
1456, 189
1457, 5
1458, 10
1459, 2
1464, 2
1465, 2
1466, 3
1467, 4
1468, 3
1469, 1
1470, 1
1471, 2
1472, 1
1473, 1
1474, 3
1475, 2
1476, 1
1478, 1
1480, 1
1481, 2
1482, 3
1483, 1
1484, 6
1486, 34
1487, 1
1488, 1635
1489, 1
1490, 4
1491, 1
1493, 2
1494, 1
1495, 1
1496, 2415
1497, 1
1498, 4
1499, 8
1500, 8
1501, 2
1502, 1
1503, 1
1504, 1017
1505, 7
1506, 3
1507, 3
1509, 3
1512, 2
1513, 6
1514, 2
1516, 2
1517, 1
1518, 1
1519, 3
1520, 2
1521, 3
1522, 1
1523, 1
1524, 979
1526, 1
1527, 1
1528, 3
1529, 3
1530, 2
1531, 2
1532, 3
1535, 3
1536, 21190
1537, 2
1538, 3
1539, 2
1540, 1
1542, 7
1543, 1
1545, 1
1546, 1
1548, 3
1550, 2
1551, 12
1552, 13
1555, 4
1556, 13
1557, 1
1558, 2
1559, 4
1560, 3
1561, 2
1562, 3
1564, 2
1565, 1
1567, 5
1568, 1066
1569, 1
1570, 1
1571, 1
1572, 1
1573, 1
1574, 4
1575, 35
1576, 1
1579, 1
1580, 1
1581, 2
1583, 1
1584, 677
1585, 1
1586, 1
1587, 2
1588, 1
1589, 5
1590, 1
1591, 1
1592, 12
1596, 1
1597, 2
1598, 2
1600, 3845
1602, 11
1603, 3
1604, 1
1605, 2
1606, 2
1608, 2
1609, 7
1610, 1
1611, 1
1612, 3
1613, 1
1615, 2
1616, 1
1618, 2
1619, 1
1620, 11
1621, 5
1622, 3
1623, 1
1624, 1
1625, 1
1626, 1
1627, 1
1628, 12
1629, 1
1630, 1
1632, 1749
1633, 1
1635, 1
1636, 4
1637, 35
1638, 1
1639, 4
1640, 1
1641, 2
1643, 1
1644, 2
1646, 3
1647, 2
1648, 2
1649, 3
1650, 2
1651, 4
1652, 1
1656, 36
1658, 2
1659, 25
1663, 2
1664, 2649
1666, 3
1667, 4
1668, 2
1669, 2
1670, 1
1671, 1
1673, 1
1674, 2
1678, 1
1679, 3
1680, 26
1682, 3
1683, 1
1685, 1
1686, 2
1689, 3
1690, 2
1691, 1
1694, 1
1696, 603
1697, 3
1698, 1
1699, 1
1700, 3
1701, 7
1702, 3
1703, 4
1704, 19516
1705, 4
1706, 34
1707, 2
1708, 31
1709, 2
1710, 1
1711, 4
1712, 2
1713, 2
1715, 1
1716, 49
1718, 1
1719, 2
1720, 94
1721, 1
1722, 2
1725, 2
1726, 2
1727, 5
1728, 4161
1729, 2
1730, 1
1731, 1
1732, 1
1733, 143
1734, 15
1735, 3
1736, 107
1737, 1
1738, 6
1740, 1
1741, 2
1742, 1
1743, 4
1744, 4
1745, 3
1747, 1
1748, 1
1750, 1
1751, 5
1752, 10
1753, 3
1754, 2
1755, 1
1756, 1
1757, 2
1758, 1
1759, 2
1760, 61
1761, 3
1763, 1
1764, 10
1765, 1
1766, 3
1767, 4
1768, 7
1770, 1
1772, 1
1773, 1
1774, 2
1775, 3
1776, 2
1777, 2
1778, 2
1779, 1
1780, 2
1781, 1
1782, 4
1783, 1
1784, 2
1786, 2
1789, 2
1791, 1
1794, 3
1795, 2
1797, 1
1799, 3
180, 1
1800, 161
1802, 2
1803, 1
1804, 1
1805, 5
1806, 1
1807, 2
1808, 1
1809, 2
181, 1
1810, 3
1812, 10
1813, 2
1814, 2
1815, 1
1816, 1
1817, 1
1818, 6
1819, 2
1820, 4
1821, 3
1822, 3
1823, 4
1824, 62
1825, 2
1827, 1
1828, 2
1830, 1
1831, 4
1832, 661
1834, 2
1835, 6
1836, 33
1838, 1
1839, 3
1840, 15
1841, 1
1842, 2
1843, 4
1844, 2
1845, 1
1846, 1
1847, 1
1848, 347
1850, 2
1851, 2
1853, 1
1854, 1
1855, 3
1856, 927
1857, 1
1858, 3
1859, 4
1860, 8
1861, 3
1862, 2
1864, 2
1865, 2
1866, 3
1867, 1
1868, 7
1869, 2
1870, 1
1871, 1
1872, 7
1873, 3
1874, 2
1875, 3
1877, 1
1878, 4
1880, 2922
1882, 1
1883, 2
1884, 10
1885, 3
1886, 1
1887, 1
1888, 6
1889, 3
1890, 2
1892, 1
1893, 1
1894, 1
1896, 7
1898, 1
1899, 2
1900, 2
1901, 1
1903, 3
1904, 2
1905, 5
1907, 9
1908, 7
1910, 3
1911, 2
1912, 2
1914, 3
1915, 2
1917, 1
1918, 2
1919, 1
192, 2
1920, 2505
1921, 2
1922, 1
1923, 1
1925, 3
1926, 1
1927, 2
1928, 1
1929, 1
1930, 6
1931, 2
1932, 1088
1933, 3
1934, 1
1935, 2
1936, 161
1937, 2
1938, 3
1939, 2
1940, 2
1941, 2
1942, 3
1943, 4
1944, 27813
1944, 0, 6
1946, 2
1947, 3
1948, 1
1949, 3
1950, 8
1951, 4
1952, 26
1955, 3
1957, 2
1958, 1
1959, 1
1960, 242
1961, 2
1962, 9
1965, 6
1966, 3
1967, 2
1968, 2
1969, 1
1970, 1
1971, 1
1973, 1
1975, 2
1976, 2
1977, 2
1978, 1
1980, 16
1982, 1
1983, 4
1984, 128
1985, 3
1986, 1
1987, 3
1988, 3
1990, 1
1992, 4
1994, 2
1995, 3
1996, 1
1998, 3
2000, 19701
2001, 1
2002, 4
2003, 1
2004, 10
2005, 1
2007, 3
2008, 2
2010, 4
2011, 7
2012, 2
2014, 19
2015, 1
2016, 164
2018, 1
2019, 1
2020, 3
2022, 2
2023, 2
2025, 1
2026, 1
2027, 3
2028, 8
2029, 2
2032, 313
2037, 2
2039, 1
2040, 8
2041, 1
2042, 3
2043, 4
2044, 4
2045, 1
2046, 2
2047, 1
2048, 10570
2049, 1
2050, 2
2051, 1
2052, 1
2053, 2
2056, 1243
2057, 3
2058, 1
2060, 1
2061, 1
2062, 1
2063, 3
2064, 22
2066, 1
2068, 2
2069, 3
2072, 49
2073, 260
2074, 9
2075, 3
2080, 2
2083, 4
2084, 5
2085, 1
2087, 1
2090, 1
2091, 2
2092, 3
2093, 3
2094, 2
2096, 1
2097, 1
2098, 1
2099, 2
210, 1
2100, 2
2101, 1
2102, 1
2103, 5
2104, 7
2106, 2
2107, 1
2108, 1
2109, 2
2110, 1
2112, 14585
2113, 3
2114, 2
2115, 2
2116, 1
2118, 3
2119, 4
2120, 638
2122, 8
2123, 1
2124, 6
2125, 1
2127, 2
2128, 452
2129, 5
2131, 2
2132, 1
2133, 1
2134, 3
2135, 1
2136, 3556
2137, 1
2138, 3
2139, 8
2140, 1
2141, 1
2142, 246
2143, 2
2144, 6
2145, 7
2147, 1
2148, 1
2149, 1
2150, 10
2152, 2
2153, 2
2156, 1
2157, 1
2158, 10
2159, 3
2160, 518
2162, 1
2163, 1
2164, 1
2167, 1
2168, 3
2169, 2
217, 1
2170, 1
2171, 1
2172, 10
2174, 1
2175, 3
2176, 3
2178, 1
2179, 2
2181, 3
2182, 3
2183, 5
2184, 2
2186, 6
2187, 19
2188, 1
2189, 13
2190, 3
2192, 3
2193, 2
2194, 2
2195, 1
2197, 1
2198, 2
2200, 1
2201, 1
2202, 1
2203, 1
2205, 1
2206, 2
2207, 1
2208, 2
2209, 2
2210, 2
2212, 1
2214, 3
2215, 2
2216, 1
2217, 4
2219, 6
222, 1
2220, 3
2221, 1
2222, 3
2223, 2
2224, 3
2225, 2
2226, 3
2227, 1
2228, 1
2230, 2
2232, 77
2233, 3
2234, 3
2235, 3
2236, 1
2237, 2
2238, 2
2239, 4
2240, 130
2241, 3
2242, 2
2243, 2
2244, 2
2247, 1
2248, 1480
2249, 2
2250, 4
2251, 1
2252, 7
2253, 1
2254, 2
2256, 103
2258, 1
2260, 1
2261, 2
2262, 10
2263, 1
2264, 2
2265, 1
2266, 3
2268, 4
2269, 2
2270, 1
2271, 1
2272, 1975
2273, 7
2274, 1
2275, 2
2276, 1
2277, 1
2278, 2
2279, 9
2280, 12
2281, 3
2282, 3
2283, 2
2285, 2
2287, 1
2289, 2
2290, 2
2291, 2
2293, 3
2294, 6
2295, 2
2296, 1
2297, 3
2298, 1
2299, 1
2300, 1
2302, 8
2303, 3
2304, 33606
2305, 1
2307, 1
2308, 6
2309, 1
231, 1
2311, 1
2312, 2
2314, 2
2315, 1
2316, 1
2317, 2
2318, 6
2319, 3
232, 1
2320, 13
2321, 1
2322, 21
2323, 3
2324, 2
2326, 1
2327, 1
2328, 2
2330, 1
2332, 29
2333, 7
2334, 2
2336, 4739
2338, 1
2339, 1
2340, 4
2341, 3
2342, 2
2343, 1
2346, 1
2347, 2
2348, 3
2350, 1
2351, 1
2352, 39
2353, 1
2354, 1
2355, 1
2356, 1
2357, 1
2358, 2
2359, 4
2360, 2
2361, 1
2362, 2
2366, 2
2367, 4
2368, 32
2369, 2
2370, 1
2372, 1
2375, 1
2376, 21
2377, 2
2378, 4
2379, 3
2381, 2
2382, 1
2383, 2
2384, 1
2387, 1
2388, 1
2389, 1
2391, 2
2392, 3
2393, 1
2394, 2
2395, 2
2397, 1
2399, 2
240, 60
2400, 229
2403, 1
2404, 1
2405, 2
2406, 4
2408, 1
2409, 4
2410, 2
2412, 1
2413, 1
2414, 3
2416, 1
2419, 1
2420, 1
2421, 1
2422, 2
2423, 1
2424, 2
2425, 2
2426, 4
2427, 3
2428, 1
2429, 2
2430, 10
2431, 4
2432, 237
2433, 2
2434, 1
2436, 1
2437, 3
2438, 1
2440, 4
2441, 2
2443, 1
2444, 2
2445, 1
2446, 1
2447, 2
2448, 17421
2449, 2
2451, 1
2452, 1
2453, 1
2454, 2
2455, 1
2456, 3
2458, 1
2460, 150
2462, 1
2463, 1
2464, 13
2465, 3
2467, 1
2468, 2
2469, 3
2470, 2
2473, 1
2474, 2
2475, 1
2476, 2
2477, 2
2478, 2
2479, 2
248, 10
2480, 220
2481, 1
2482, 2
2483, 2
2485, 3
2487, 1
2488, 4
2490, 3
2491, 1
2493, 5
2494, 1
2495, 3
2496, 196
2497, 1
2498, 2
2499, 3
2500, 3
2501, 1
2502, 2
2505, 2
2507, 1
2508, 2
2511, 1
2512, 2
2515, 1
2516, 1
2518, 2
2519, 2
2520, 2
2522, 1
2523, 1
2524, 1
2525, 2
2527, 2
2528, 1
2529, 5
2530, 2
2532, 1
2533, 2
2534, 15
2535, 207
2536, 1
2537, 3
2538, 5
2539, 2
2541, 2
2543, 2
2544, 18
2545, 1
2547, 1
2550, 3
2552, 2
2553, 3
2554, 2
2555, 1
2556, 1
2557, 2
2558, 3
2559, 3
2560, 230
2562, 1
2563, 2
2564, 3
2566, 2
2567, 1
2568, 120
2569, 1
2570, 2
2571, 1
2572, 2
2573, 1
2574, 1
2575, 1
2576, 421
2577, 2
2580, 11
2581, 1
2582, 2
2583, 3
2584, 5
2585, 2
2586, 4
2588, 3
2589, 1
2590, 2
2591, 4
2592, 55889
2594, 1
2597, 1
2598, 1
2600, 2
2601, 2
2602, 1
2603, 1
2604, 67
2605, 3
2606, 4
2607, 1
2608, 2
2609, 3
2610, 3
2611, 1
2613, 3
2616, 2
2617, 3
2618, 2
2621, 1
2622, 1
2623, 1
2624, 66
2625, 3
2626, 3
2627, 1
2629, 3
2633, 4
2634, 1
2635, 1
2637, 2
2640, 16
2641, 4
2642, 1
2644, 3
2645, 1
2647, 1
2648, 1
2649, 2
2650, 2
2651, 1
2653, 1
2655, 3
2656, 1
2657, 1
2658, 3
2659, 1
266, 2
2661, 3
2662, 1
2663, 1
2664, 8
2665, 3
2666, 1
2667, 7
2669, 1
2670, 1
2671, 1
2672, 1
2673, 1
2675, 1
2676, 3
2677, 1
2678, 2
2679, 2
2680, 1
2681, 1
2683, 4
2684, 4
2688, 1
2689, 1
2690, 1
2691, 1
2692, 2
2696, 1
2697, 1
2700, 1
2701, 1
2702, 1
2703, 1
2704, 5
2705, 1
2707, 1
2708, 3
2709, 1
2710, 2
2711, 2
2712, 1
2716, 3
2717, 1
2718, 2
2719, 1
272, 6
2720, 1012
2721, 1
2722, 1
2723, 1
2724, 1
2725, 2
2727, 1
2728, 3
2730, 1
2732, 2
2734, 2
2735, 3
2736, 17575
2737, 3
2739, 1
2740, 2
2741, 2
2744, 2
2745, 1
2747, 1
275, 1
2752, 1
2755, 1
2756, 1
2757, 2
2758, 1
2759, 1
2760, 3
2761, 1
2762, 2
2764, 18
2765, 29
2766, 2
2768, 1
2773, 2
2776, 2
2779, 3
2781, 1
2783, 1
2784, 2
2788, 1
2789, 1
2792, 1
2797, 1
2800, 1
2809, 1
2810, 4
2816, 1128
2817, 1
2824, 1
2826, 1
2828, 1
2829, 1
2831, 1
2832, 4115
2834, 1
2836, 1
2839, 1
2842, 1
2844, 1
2847, 2
2848, 28932
2849, 1
2853, 1
2856, 55
2858, 1
2862, 2
2870, 1
2872, 1
2876, 1
2877, 1
2878, 2
288, 1
2880, 2
2881, 1
2893, 1
2896, 121
2900, 2
2903, 1
2907, 3
2908, 1
2911, 2
2912, 1659
2913, 2
2918, 2
2919, 1
2920, 1
2921, 1
2922, 1
2923, 1
2924, 1
293, 1
2934, 1
2937, 5
2938, 1
2940, 1
2941, 1
2946, 1
2950, 1
2951, 1
2958, 2
2960, 1
2963, 1
2965, 1
2970, 2
2972, 1
2976, 45
2981, 1
2986, 1
2988, 1
2992, 1
2993, 1
2996, 2
2998, 1
2999, 1
300, 7
3000, 16540
3001, 1
3002, 1
3004, 2
3008, 937
301, 1
3014, 1
3015, 1
3019, 1
3021, 1
3022, 1
3024, 27
3028, 1
3031, 1
3039, 50
304, 1
3041, 1
3044, 1
3046, 2
3050, 1
3054, 1
3056, 5
3057, 1
3060, 1
3061, 1
3065, 1
3066, 1
307, 2
3070, 2
3071, 2
3072, 7933
3076, 2
3077, 1
3079, 1
3080, 1
3087, 1
3088, 48
3094, 1
3100, 1
3101, 1
3102, 1
3106, 1
3110, 1
3111, 3
3112, 1
3114, 1
3118, 1
3119, 2
3120, 24
3125, 2
313, 1
3130, 1
3132, 1
3133, 1
3135, 1
3137, 1
3138, 1
3140, 1
3145, 1
3147, 1
3150, 2
3159, 1
3160, 1
3163, 1
3164, 2
3168, 14559
3169, 1
3171, 1
3181, 1
3183, 1
3184, 1
3189, 1
3191, 1
3192, 1
3193, 1
3194, 2
320, 10
3200, 14
3203, 1
3204, 1
3209, 1
3210, 1
3216, 206
3217, 1
3223, 1
3225, 2
3228, 1
3232, 2
3240, 1198
3245, 2
3250, 1
3256, 1
3264, 8383
3265, 2
3267, 2
3270, 1
3271, 1
3277, 1
32770, 1
3283, 8
3293, 1
3294, 1
3306, 3
331, 1
3312, 2386
3317, 1
332, 1
3320, 1
3328, 116
333, 2
3330, 1
3331, 1
3335, 1
3340, 1
336, 2
3360, 1
3363, 1
3367, 1
337, 2
3370, 1
3371, 1
338, 2
3382, 1
3402, 1
3426, 30
343, 2
3432, 1
3441, 1
3448, 1
345, 1
3450, 1
3455, 1
3456, 23127
346, 1
3477, 1
348, 1
350, 2
3504, 455
3508, 7
352, 2
3521, 1
354, 1
355, 1
3557, 1
356, 2
3560, 1
3563, 1
3566, 1
3568, 2
3579, 1
3590, 1
3599, 1
360, 32
3600, 1
361, 1
3612, 1
3617, 1
3641, 1
3648, 932
3649, 1
3658, 2
366, 1
367, 1
3672, 555
3676, 1
3694, 1
3696, 5
371, 1
3710, 1
372, 1
3722, 1
3725, 1
373, 1
3744, 6510
375, 50
3758, 1
377, 1
3773, 1
379, 1
3796, 2
3800, 4
3801, 12
383, 1
3835, 1
384, 57
3840, 20
3848, 1
3850, 1
3854, 1
3868, 1
3872, 940
3873, 1
3888, 1749
3889, 1
390, 3
3917, 1
3918, 1
393, 1
3968, 1
39681, 1
398, 2
3994, 1
3997, 1
400, 45
4000, 1212
4004, 5
4007, 1
4016, 29
402, 1
4032, 4
4048, 1
405, 1
4055, 1
406, 1
408, 1
4080, 14
411, 1
412, 7
4126, 1
4146, 3
4161, 1
417, 1
4184, 1
4200, 1
421, 1
422, 1
424, 2
4247, 1
425, 1
4256, 9
426, 2
427, 1
4271, 1
4272, 510
428, 1
4283, 1
4288, 525
4291, 1
4320, 142
433, 1
4335, 1
4338, 1
4352, 1
436, 3
4368, 211
437, 2
438, 1
439, 4
4416, 56
443, 1
446, 2
449, 1
450, 8
451, 1
456, 1
4608, 75
463, 1
4630, 1
466, 1
467, 2
4708, 1
471, 1
472, 1
4728, 1
474, 2
4752, 495
479, 2
480, 1835
483, 2
487, 2
488, 2
4896, 1
491, 1
4912, 1
4928, 58
494, 1
497, 1
4981, 1
500, 18
502, 1
506, 1
510, 4
511, 1
512, 6
518, 3
5184, 153
5246, 1
525, 2
526, 1
528, 2
531, 1
532, 1
533, 35
536, 9
537, 2
538, 1
540, 2
542, 1
545, 1
546, 1
5472, 15
549, 1
550, 1
551, 1
552, 1
555, 1
558, 1
559, 1
560, 6
5616, 45
562, 4
564, 1
565, 1
566, 1
569, 1
570, 1
573, 1
576, 2
583, 7
584, 1
586, 3
587, 1
590, 2
591, 2
592, 1
594, 1
596, 1
599, 1
600, 134
601, 1
6016, 1
602, 9
6048, 1
606, 1
608, 1
610, 1
612, 1
614, 2
6146, 1
615, 2
619, 1
620, 1
621, 1
622, 1
624, 1
625, 1
626, 1
627, 1
633, 1
634, 2
637, 1
640, 235
648, 3
650, 2
65028, 6
660, 1
665, 1
666, 2
667, 16
668, 1
669, 3
672, 5
675, 5
676, 2
678, 2
680, 2
681, 6
682, 9
683, 6
684, 2
686, 1
687, 1
688, 1
689, 2
691, 40
692, 1
698, 2
699, 2
700, 9
704, 1
705, 2
706, 1
707, 1
710, 1
712, 1
713, 1
714, 1
715, 2
717, 1
718, 5
719, 8
720, 36
723, 1
725, 1
726, 1
727, 2
728, 1
729, 2
730, 1
732, 1
734, 1
736, 3
739, 1
740, 1
741, 1
742, 1
743, 1
744, 1
748, 1
750, 33
751, 1
755, 3
756, 9
758, 1
760, 2
763, 1
765, 1
768, 2413
7683, 1
770, 1
771, 1
773, 3
774, 1
775, 1
777, 3
779, 3
784, 1
785, 1
787, 1
790, 3
791, 3
794, 1
795, 2
797, 1
798, 2
799, 1
800, 64
801, 5
803, 2
804, 40
808, 1
809, 2
812, 1
814, 2
816, 5
820, 2
822, 1
825, 1
829, 2
833, 1
837, 2
842, 1
844, 2
846, 1
847, 4
848, 3
850, 2
852, 2
853, 7
854, 7
858, 3
860, 1
861, 2
862, 7
863, 1
864, 17
866, 1
867, 2
868, 1
871, 2
872, 1
873, 2
874, 1
876, 4
879, 1
880, 1
884, 2
885, 1
886, 1
887, 4
888, 9
890, 3
891, 1
892, 1
899, 67
900, 21
902, 2
903, 1
904, 2
905, 1
906, 3
907, 2
908, 1
909, 1
911, 2
912, 15
913, 1
914, 4
917, 1
918, 1
919, 1
920, 2
921, 2
922, 1
923, 3
926, 2
927, 1
929, 1
930, 1
932, 1
933, 1
934, 1
936, 1
937, 3
938, 5
940, 3
941, 1
943, 1
944, 2
945, 2
946, 1
947, 1
950, 1
951, 1
952, 3
953, 1
954, 1
955, 1
956, 1
957, 2
959, 1
960, 741
961, 1
962, 1
963, 1
964, 4
969, 2
972, 1
973, 1
974, 2
975, 3
977, 1
978, 2
979, 1
980, 1
983, 1
984, 2
985, 2
986, 2
988, 1
989, 2
991, 1
993, 1
994, 2
995, 1
996, 1
997, 1
998, 3
999, 2
