ifds_CustomRendered ,Count
, 348948
10128, 1
10160, 1
10336, 1
10416, 1
10432, 1
10496, 1
10608, 1
10624, 1
10704, 1
10816, 1
10832, 1
10960, 1
10992, 1
11040, 1
11120, 1
11200, 1
11296, 1
11312, 1
11328, 1
11424, 1
11456, 3
11536, 2
11648, 1
11696, 1
11712, 1
11792, 1
11840, 3
11904, 1
11936, 1
12032, 2
12064, 1
12096, 1
12128, 1
12176, 1
12208, 1
12592, 1
12944, 1
13536, 1
13776, 1
14160, 1
15120, 1
16320, 1
2, 2447
2304, 1
2528, 3
2576, 1
2592, 3
26352, 1
2656, 1
2688, 2
2720, 2
2800, 1
2816, 1
2864, 1
2912, 1
2976, 1
2992, 1
3, 5268
3040, 4
3056, 1
3072, 1
3232, 1
3248, 1
3264, 1
3344, 1
3392, 1
3424, 1
3472, 2
3504, 1
3584, 4
3616, 1
3632, 1
3648, 1
3664, 2
37568, 1
3760, 1
3776, 1
3792, 2
3824, 1
3840, 2
3872, 1
3888, 1
3952, 1
3968, 1
4, 2902
4000, 1
4384, 3
4416, 1
4560, 1
4592, 1
4688, 1
4704, 3
4784, 1
4880, 1
5008, 1
50800, 1
5088, 1
50960, 2
51232, 1
5136, 1
51488, 1
5152, 3
51648, 1
5168, 1
51728, 1
51824, 1
5184, 1
51888, 1
5200, 2
52048, 2
52128, 1
52240, 1
52336, 1
52560, 1
52624, 1
52928, 1
52992, 1
53056, 1
5312, 1
5344, 1
5376, 1
5408, 1
5456, 1
5488, 1
5504, 2
5568, 1
5600, 3
5648, 1
56608, 1
5712, 1
5728, 1
5760, 1
5792, 1
5840, 1
5888, 1
5920, 1
5936, 1
5968, 1
6, 186
6016, 1
6032, 1
6048, 2
6064, 2
6096, 1
61344, 2
61424, 1
6256, 1
6304, 3
6336, 2
6368, 2
6480, 1
6512, 1
6560, 1
6624, 1
6656, 1
6688, 1
6736, 3
6768, 1
6816, 1
6832, 2
6880, 1
7040, 2
7104, 1
7136, 1
7184, 1
7216, 2
7232, 1
7296, 1
7328, 1
7344, 3
7408, 4
7424, 1
7456, 2
7472, 2
7504, 2
7536, 1
7664, 1
7776, 2
7792, 1
7824, 1
7840, 1
7872, 1
7904, 1
7920, 2
7936, 1
8000, 1
8032, 1
8080, 2
8480, 1
8704, 1
8768, 1
8880, 1
9104, 2
9120, 2
9200, 1
9232, 1
9264, 3
9376, 1
9472, 1
9568, 1
9600, 1
9824, 1
9904, 1
Custom process, 42466
Normal process, 978517
